Date,Open Price,High Price,Low Price,Close Price,WAP,No.of Shares,No. of Trades,Total Turnover (Rs.),Deliverable Quantity,% Deli. Qty to Traded Qty,Spread High-Low,Spread Close-Open
24-Jul-20,50.15,50.4,48.7,48.9,49.22899449,835483,1418,41129988,171293,20.5,1.7,-1.25
27-Jul-20,48.9,50.35,47.75,49.5,49.33864778,1046769,1869,51646167,139195,13.3,2.6,0.6
28-Jul-20,49.75,50.45,48.6,49.2,49.69385924,641842,1235,31895606,175141,27.29,1.85,-0.55
29-Jul-20,49.25,50.35,49.25,49.75,49.86801271,1080551,2993,53884931,378977,35.07,1.1,0.5
30-Jul-20,50,50.2,47.6,48.05,48.80365678,782273,1558,38177783,276110,35.3,2.6,-1.95
31-Jul-20,48,48.95,47.5,48.7,48.18052673,900609,2943,43391816,228182,25.34,1.45,0.7
03-Aug-20,48.7,49.45,48.4,48.75,48.90691137,512286,1009,25054326,89301,17.43,1.05,0.05
04-Aug-20,49.4,50.4,49.05,49.65,49.88797045,880964,1664,43949506,155457,17.65,1.35,0.25
05-Aug-20,49.7,49.9,48.65,48.9,49.1897283,565651,1169,27824219,130749,23.11,1.25,-0.8
06-Aug-20,48.9,50.1,48.5,49.4,49.09194061,950940,1580,46683490,123361,12.97,1.6,0.5
07-Aug-20,49.8,50.6,49.2,49.65,49.90318763,729979,1824,36428279,174322,23.88,1.4,-0.15
10-Aug-20,50.45,51.9,49.85,51.45,51.12624365,1623448,2845,83000798,450220,27.73,2.05,1
11-Aug-20,52,52.55,51.1,51.95,51.80403602,1126457,2114,58355019,265407,23.56,1.45,-0.05
12-Aug-20,52,53.6,51.2,52.95,52.56521869,2416815,5750,127040409,726199,30.05,2.4,0.95
13-Aug-20,55,57.85,52.65,56.1,55.76504431,5048986,10914,281556928,918131,18.18,5.2,1.1
14-Aug-20,56.75,57.15,54.55,54.95,55.8758494,1935633,3960,108155138,407153,21.03,2.6,-1.8
17-Aug-20,55.15,56.3,54.95,56,55.70785145,1379401,4183,76843466,465192,33.72,1.35,0.85
18-Aug-20,56.25,56.45,54.95,55.6,55.66718944,2036564,2213,113369794,587544,28.85,1.5,-0.65
19-Aug-20,56.1,58.2,56,56.75,57.35573738,5186787,4787,297491993,1338583,25.81,2.2,0.65
20-Aug-20,56.1,62.3,56.1,61.5,60.72389199,6778380,17932,411609615,1721605,25.4,6.2,5.4
21-Aug-20,62.85,63.45,61.65,61.9,62.34464192,3957789,10448,246746938,930905,23.52,1.8,-0.95
24-Aug-20,62.5,62.7,60.15,60.9,61.54952139,2637113,4493,162313043,538325,20.41,2.55,-1.6
25-Aug-20,61.8,61.8,59.05,59.95,60.41544353,4528459,4875,273588859,1089798,24.07,2.75,-1.85
26-Aug-20,60.5,63.25,60,62.7,61.22130154,6036316,7763,369551122,1313809,21.76,3.25,2.2
27-Aug-20,63,63.3,61.4,61.6,62.11015638,2297906,6785,142723301,945299,41.14,1.9,-1.4
28-Aug-20,62.45,62.45,60.3,61.15,61.09385221,1014446,2508,61976414,270914,26.71,2.15,-1.3
31-Aug-20,61.65,61.75,57.9,58.7,59.32940341,1595536,3831,94662199,385955,24.19,3.85,-2.95
01-Sep-20,60,60.45,58.3,59.5,59.13886169,2995837,3906,177170390,1139049,38.02,2.15,-0.5
02-Sep-20,59.95,61.25,58.9,61,60.04248981,1107842,1932,66517592,170587,15.4,2.35,1.05
03-Sep-20,61.1,61.6,59.9,60.7,60.64563069,1259192,4028,76364493,280743,22.3,1.7,-0.4
04-Sep-20,59.9,60.3,58.25,58.8,59.29734496,928911,1987,55081956,151477,16.31,2.05,-1.1
07-Sep-20,59.9,59.9,56.15,57.35,57.27656222,1355073,2737,77613923,211640,15.62,3.75,-2.55
08-Sep-20,57.5,58,54.75,55.1,56.35671415,944706,2180,53240526,175114,18.54,3.25,-2.4
09-Sep-20,55,56.3,52.5,55.65,54.02729213,1707159,2857,92233178,209179,12.25,3.8,0.65
10-Sep-20,55.85,57.15,54.75,55.45,55.9273835,1054719,2292,58987674,153714,14.57,2.4,-0.4
11-Sep-20,56,57.05,54.8,56.7,55.95884165,1077813,1742,60313167,165888,15.39,2.25,0.7
14-Sep-20,57,58.4,56.55,57.1,57.41342205,1684378,4084,96705905,336082,19.95,1.85,0.1
15-Sep-20,57.2,58.7,57.15,57.75,57.80790814,749886,1631,43349341,86276,11.51,1.55,0.55
16-Sep-20,58.2,58.4,56.55,56.85,57.2464468,1211515,1989,69354929,272803,22.52,1.85,-1.35
17-Sep-20,57.5,58.15,56.4,56.7,57.05005245,1888559,4669,107742390,549141,29.08,1.75,-0.8
18-Sep-20,57,57.3,55.85,56.15,56.58041391,576797,1402,32635413,151732,26.31,1.45,-0.85
21-Sep-20,56,56.5,52.5,52.95,54.27778404,914383,2745,49630683,216677,23.7,4,-3.05
22-Sep-20,53,53.5,50.45,51.55,51.81148209,1935084,3155,100259570,273141,14.12,3.05,-1.45
23-Sep-20,52,55.35,51.3,53.55,52.34346053,2998691,4680,156961864,535189,17.85,4.05,1.55
24-Sep-20,52.8,52.95,50,50.35,51.32217381,1851991,5700,95048204,428471,23.14,2.95,-2.45
25-Sep-20,50.65,53.35,50.65,53.1,52.10910539,1641083,1918,85515367,193798,11.81,2.7,2.45
28-Sep-20,53.5,54.6,53.3,54.15,54.03403626,1036189,1690,55989474,240635,23.22,1.3,0.65
29-Sep-20,54.15,54.7,53.2,54,54.05052224,1224352,1874,66176865,155726,12.72,1.5,-0.15
30-Sep-20,54,54,53,53.15,53.44138731,661512,2368,35352119,214199,32.38,1,-0.85
01-Oct-20,53.5,54.65,53.5,54.45,54.13768672,691156,1154,37417587,74106,10.72,1.15,0.95
05-Oct-20,54.45,55.15,53.6,53.85,54.33802109,893178,2772,48533525,178795,20.02,1.55,-0.6
06-Oct-20,54.4,54.7,53.85,54.55,54.39216014,1195481,2703,65024794,589732,49.33,0.85,0.15
07-Oct-20,54.95,56.9,54.45,56.15,56.0410936,895979,2276,50211643,156297,17.44,2.45,1.2
08-Oct-20,56.1,56.4,53.8,54.95,54.96938815,929248,3322,51080194,265187,28.54,2.6,-1.15
09-Oct-20,55.25,55.45,54.25,54.45,54.73178674,357171,844,19548607,74680,20.91,1.2,-0.8
12-Oct-20,54.45,55.05,52.65,52.85,53.61070986,849852,3156,45561169,195210,22.97,2.4,-1.6
13-Oct-20,52.9,55.05,52.6,54.05,53.9499867,601500,1313,32450917,90439,15.04,2.45,1.15
14-Oct-20,54.4,54.4,52.25,52.9,52.9231258,360407,1522,19073865,81789,22.69,2.15,-1.5
15-Oct-20,53.6,54.75,52.7,52.95,53.94737174,1172716,1970,63264946,600703,51.22,2.05,-0.65
16-Oct-20,53.3,54.6,52.35,54.15,53.88995621,1872709,3763,100920206,577300,30.83,2.25,0.85
19-Oct-20,54.9,55.55,53.9,55.15,54.73697284,1176312,2970,64387758,242356,20.6,1.65,0.25
20-Oct-20,54.95,56.1,54.55,54.7,55.23427416,737401,1268,40729809,113972,15.46,1.55,-0.25
21-Oct-20,55.1,55.3,53.25,54,54.31071577,387737,1034,21058274,82242,21.21,2.05,-1.1
22-Oct-20,53.1,55.5,53.1,55.05,54.13041271,1065663,2366,57684778,297409,27.91,2.4,1.95
23-Oct-20,55.75,55.75,54.7,55.25,55.29723437,531742,1249,29403862,102480,19.27,1.05,-0.5
26-Oct-20,55.25,55.65,53,53.85,54.51065143,1693529,3571,92315369,1062298,62.73,2.65,-1.4
27-Oct-20,54.45,54.45,53.05,53.7,53.53590324,835802,1234,44745415,363051,43.44,1.4,-0.75
28-Oct-20,54.4,54.4,52.95,53.1,53.36046627,1079549,1578,57605238,503261,46.62,1.45,-1.3
29-Oct-20,52,53.1,51.65,52.15,52.37088311,1073384,3212,56214068,223043,20.78,1.45,0.15
30-Oct-20,52.55,52.9,51.65,52.15,52.30034917,654688,2621,34240411,174593,26.67,1.25,-0.4
02-Nov-20,52.9,52.9,52.05,52.65,52.3894007,327814,637,17173979,36678,11.19,0.85,-0.25
03-Nov-20,52.95,53.85,52.7,53.6,53.40479217,743547,1942,39708973,326680,43.94,1.15,0.65
04-Nov-20,53.65,53.95,52.35,53.25,53.38016752,994843,1208,53104886,206664,20.77,1.6,-0.4
05-Nov-20,53.5,55.8,53.5,55.35,54.32819847,1715398,2643,93194483,253277,14.76,2.3,1.85
06-Nov-20,55.1,56.75,54.5,54.65,55.36225335,3048880,5100,168792867,2081415,68.27,2.25,-0.45
09-Nov-20,55.5,55.55,54,54.95,54.88079342,1035916,1644,56851892,388319,37.49,1.55,-0.55
10-Nov-20,55.5,57,55.2,56.65,56.25611514,4117812,6535,231652106,2787400,67.69,1.8,1.15
11-Nov-20,57.65,58.5,56.7,57.3,57.51118372,3384875,4857,194668168,1681674,49.68,1.8,-0.35
12-Nov-20,57.25,57.5,55.3,55.5,56.0931873,2082301,4011,116802900,1206337,57.93,2.2,-1.75
13-Nov-20,55.25,55.75,54.6,55.25,55.10321064,1564984,1755,86235643,776230,49.6,1.15,0
14-Nov-20,55.8,56.25,55.65,56,55.91132799,131868,698,7372915,72472,54.96,0.6,0.2
17-Nov-20,56,58.15,55.95,57.65,57.1196098,2145376,5520,122543040,796513,37.13,2.2,1.65
18-Nov-20,57.9,61.2,57.8,60.65,59.82548392,3896896,10345,233133689,1867154,47.91,3.4,2.75
19-Nov-20,60.55,61.45,58.8,59.2,60.06564532,2028172,6264,121823460,628756,31,2.65,-1.35
20-Nov-20,59.3,59.85,56.7,58.1,58.42712619,1831138,5021,106988131,447058,24.41,3.15,-1.2
23-Nov-20,58.55,59.7,57.85,58.85,58.69266037,1671148,4017,98084122,461442,27.61,1.85,0.3
24-Nov-20,59.65,60.15,58.4,59.95,59.31121504,1449313,4444,85960515,442306,30.52,1.75,0.3
25-Nov-20,60.55,63.85,60.3,61.5,62.17527226,6240012,16446,387974445,2628671,42.13,3.55,0.95
26-Nov-20,62.2,62.7,61.15,62.35,61.89390449,2647605,6389,163870611,1208897,45.66,1.55,0.15
27-Nov-20,63.35,65.25,62.4,64.95,63.84288065,2014074,5747,128584286,484783,24.07,2.85,1.6
01-Dec-20,65.45,69.35,65,68.75,67.53553257,3942270,14555,266243304,1520835,38.58,4.35,3.3
02-Dec-20,69.15,69.7,66.75,67.95,68.14761554,3092398,5389,210739550,526514,17.03,2.95,-1.2
03-Dec-20,68.5,69.65,67.6,69.2,68.56278416,2601564,9597,178370471,898462,34.54,2.05,0.7
04-Dec-20,71.5,73.6,69.4,71.65,71.80270678,4811985,13856,345513548,1092958,22.71,4.2,0.15
07-Dec-20,72.9,73.35,71.2,71.6,72.26340937,3134581,11380,226515510,986965,31.49,2.15,-1.3
08-Dec-20,73.2,73.2,70.25,72.05,71.57860615,2918455,5668,208898941,563666,19.31,2.95,-1.15
09-Dec-20,72.9,75,71.95,73.15,73.44374183,6022387,15372,442306636,1948893,32.36,3.05,0.25
10-Dec-20,72.7,73.45,71,72.6,72.17980299,3001118,9034,216620106,556698,18.55,2.45,-0.1
11-Dec-20,73.45,74.1,72.2,72.8,73.18981436,2306227,3988,168792326,431044,18.69,1.9,-0.65
14-Dec-20,73.2,74.1,72.85,73.45,73.30905928,1448570,2636,106193304,452341,31.23,1.25,0.25
15-Dec-20,73.45,75.4,72.55,75.15,73.89952732,2968170,8550,219346360,1228935,41.4,2.85,1.7
16-Dec-20,75.45,76.5,74.65,76.15,75.78323231,2098929,3914,159063624,491547,23.42,1.85,0.7
17-Dec-20,76.45,76.7,74.7,75.2,75.98589174,1841616,2893,139936834,425015,23.08,2,-1.25
18-Dec-20,75.25,76.45,73.6,76.15,75.12191438,2553825,6922,191848223,804197,31.49,2.85,0.9
21-Dec-20,76,76,66.4,69.1,71.44166084,4876853,20547,348410478,1172652,24.05,9.6,-6.9
22-Dec-20,68,71.9,66.7,71.6,69.55390647,3625177,16166,252145222,1051616,29.01,5.2,3.6
23-Dec-20,73,74.4,71.55,74.15,73.21484269,980685,4395,71800698,412954,42.11,2.85,1.15
24-Dec-20,74.55,75.6,74.25,74.4,74.92219312,1724025,7116,129167734,656559,38.08,1.35,-0.15
28-Dec-20,75.45,77.95,75.2,77.2,76.76852415,1532648,5149,117659125,392733,25.62,2.75,1.75
29-Dec-20,78,79,76.25,76.55,77.41041013,2133249,9399,165135680,668043,31.32,2.75,-1.45
30-Dec-20,77.2,77.2,75.25,75.75,75.82324014,1291894,6394,97955589,375058,29.03,1.95,-1.45
31-Dec-20,75.6,76.45,75.35,75.65,75.79213593,702868,2729,53271867,129002,18.35,1.1,0.05
01-Jan-21,75.9,77.7,75.8,77.35,76.80427056,1672380,6164,128445926,684013,40.9,1.9,1.45
04-Jan-21,77.6,79.6,77.6,79.25,78.75617679,2314513,9017,182282195,1042482,45.04,2,1.65
05-Jan-21,77.6,82.2,77.6,81.15,79.99305701,4762932,12963,381001491,1110249,23.31,4.6,3.55
06-Jan-21,82.45,83.45,80.8,82.45,82.38210304,3382093,11924,278623934,804256,23.78,2.65,0
07-Jan-21,83.1,83.6,81.5,81.85,82.37597005,2718025,10313,223899946,662616,24.38,2.1,-1.25
08-Jan-21,84.5,84.6,82.65,83.05,83.37480403,2370260,5717,197619963,543363,22.92,1.95,-1.45
11-Jan-21,83.3,84.1,82.15,83.3,83.11493304,2169846,9347,180346605,797941,36.77,1.95,0
12-Jan-21,83.3,87.3,82.7,86.05,85.65836175,3841139,15847,329025674,1228983,32,4.6,2.75
13-Jan-21,87.2,87.7,83.8,85.85,85.95450246,3606986,14819,310036687,889199,24.65,3.9,-1.35
14-Jan-21,85.85,87.1,84.95,85.95,85.98455781,1718344,7541,147751049,516170,30.04,2.15,0.1
15-Jan-21,86.4,87.95,84.35,85.5,86.47184788,3137579,13120,271312254,784366,25,3.6,-0.9
18-Jan-21,85.45,85.75,81,82.15,82.74945632,2063732,6253,170772701,363220,17.6,4.75,-3.3
19-Jan-21,83,85.7,82.55,85.45,84.33041635,2707593,9427,228332445,903296,33.36,3.15,2.45
20-Jan-21,85.8,86.45,84.15,84.75,85.04525985,1710788,7864,145494410,606275,35.44,2.3,-1.05
21-Jan-21,85.45,85.7,82.3,82.95,84.05121911,1072998,3678,90186790,297305,27.71,3.4,-2.5
22-Jan-21,83,83,77.95,79.35,79.87278843,2362521,7964,188701140,449674,19.03,5.05,-3.65
25-Jan-21,84.9,84.9,78,79.2,79.92292618,2619411,9604,209350992,468988,17.9,6.9,-5.7
27-Jan-21,80.7,80.7,75.65,75.95,77.27098157,1603467,6614,123901469,465225,29.01,5.05,-4.75
28-Jan-21,75.4,77.85,74.5,77.2,76.55388421,3071837,6518,235161054,306358,9.97,3.35,1.8
29-Jan-21,78.3,78.8,74.9,75.4,76.68715334,2622860,12835,201139667,604806,23.06,3.9,-2.9
01-Feb-21,76.9,81.15,74.5,79.85,76.68135568,2544260,6904,195097306,405484,15.94,6.65,2.95
02-Feb-21,82.4,84.1,79.7,83.6,81.7362611,2404196,8287,196509992,447254,18.6,4.4,1.2
03-Feb-21,84.05,85.45,82.2,84.2,84.2297235,4255011,17039,358398400,1247547,29.32,3.25,0.15
04-Feb-21,85.2,90.6,84.55,89.65,88.37661312,5313859,17409,469620861,905613,17.04,6.05,4.45
05-Feb-21,91,91.5,85,87.4,87.80589151,7665636,36614,673088003,1977996,25.8,6.5,-3.6
08-Feb-21,87.6,91.65,87.6,90,90.08059808,3650025,9759,328796435,630879,17.28,4.05,2.4
09-Feb-21,90.05,90.35,86.4,87.15,88.12935876,1736875,6691,153069680,520327,29.96,3.95,-2.9
10-Feb-21,88.25,89.95,86.45,88.2,87.90818789,2502611,6848,219999998,364736,14.57,3.5,-0.05
11-Feb-21,88.5,89.25,87.5,87.75,88.07878883,1834067,8603,161542400,529880,28.89,1.75,-0.75
12-Feb-21,87.8,88.4,86.05,87.3,87.27863208,1018307,3388,88876442,223036,21.9,2.35,-0.5
15-Feb-21,88.2,88.9,86.35,86.65,87.5104928,1364364,5467,119396166,287641,21.08,2.55,-1.55
16-Feb-21,87.4,91,86.65,90.25,88.57617215,2508082,6974,222156303,518876,20.69,4.35,2.85
17-Feb-21,90.55,92.45,89.9,91.1,91.00853813,3605240,10123,328107622,522441,14.49,2.55,0.55
18-Feb-21,92,94.05,90.3,93.1,91.98091338,2424159,7030,222976359,369063,15.22,3.75,1.1
19-Feb-21,93.15,94.85,89.4,91.15,91.6646636,10151087,13407,930495975,988461,9.74,5.45,-2
22-Feb-21,91,92.5,89,90,90.67500659,3657308,18651,331626427,1118061,30.57,3.5,-1
23-Feb-21,90.05,93.3,89.8,92,91.61877121,3443604,7781,315498767,533214,15.48,3.5,1.95
24-Feb-21,92.9,94.5,89.1,93.9,92.78167236,5910232,20536,548361209,2505669,42.4,5.4,1
25-Feb-21,94.7,97.6,94.45,96.05,96.19178928,6679096,16300,642474195,1561336,23.38,3.15,1.35
26-Feb-21,95,96.45,93,95.1,94.79927616,6827744,22338,647265189,2698685,39.53,3.45,0.1
01-Mar-21,97,99.55,95.65,97.8,97.53534839,4133060,11742,403119447,497069,12.03,3.9,0.8
02-Mar-21,100.45,100.8,98,100.4,99.44749697,3783572,11407,376266765,651463,17.22,2.8,-0.05
03-Mar-21,104.75,105.5,102.5,105.25,104.0887477,6809879,33606,708831777,1805263,26.51,3,0.5
04-Mar-21,104.6,114,102.8,109.35,109.5548506,9239193,29952,1012198409,1408650,15.25,11.2,4.75
05-Mar-21,111,111,104,107.3,107.3605508,7715904,39194,828383703,1681333,21.79,7,-3.7
08-Mar-21,109,111.9,108.25,109.05,109.909939,3397852,13711,373457706,657193,19.34,3.65,0.05
09-Mar-21,110.2,110.7,104.7,107.05,107.0321122,7014816,24721,750810573,1151666,16.42,6,-3.15
10-Mar-21,109,109.3,105.85,107.4,107.2651104,3718024,17015,398814255,734844,19.76,3.45,-1.6
12-Mar-21,108.7,114.45,107,113.25,112.2800258,14264013,58623,1601563747,4153741,29.12,7.45,4.55
15-Mar-21,114.95,114.95,108,111.55,110.6427825,7180052,23213,794420932,1326853,18.48,6.95,-3.4
16-Mar-21,112.15,112.4,109.15,109.65,110.4019616,4329946,20509,478034532,782335,18.07,3.25,-2.5
17-Mar-21,109.85,110.55,102.5,103.4,106.6735369,3127373,13726,333607939,699762,22.38,8.05,-6.45
18-Mar-21,105,106.55,96,100.5,101.9378209,10610248,51172,1081585560,1916094,18.06,10.55,-4.5
19-Mar-21,100.3,104.75,96.3,104.2,100.5892831,6388456,20905,642610209,695139,10.88,8.45,3.9
22-Mar-21,105.25,106.5,103.8,104.75,105.2525848,6602868,27796,694968924,1411590,21.38,2.7,-0.5
23-Mar-21,105,106,104,104.35,105.0204635,2786915,7911,292683105,413204,14.83,2,-0.65
24-Mar-21,103.3,105.65,100.8,101.25,103.2869457,3384961,9869,349622283,586202,17.32,4.85,-2.05
25-Mar-21,101.4,102.25,96.55,98.6,98.85735765,4314483,16688,426518389,809010,18.75,5.7,-2.8
26-Mar-21,100.55,104.3,100.1,103.45,102.2278271,4427665,12217,452630572,599537,13.54,4.2,2.9
30-Mar-21,105.4,105.45,102.8,103.5,103.8757218,2625657,7700,272742016,467108,17.79,2.65,-1.9
31-Mar-21,103.5,105.8,102.8,103.2,104.3520606,2071493,7975,216164563,319856,15.44,3,-0.3
01-Apr-21,104.2,105.5,103.45,105.05,104.5608576,1927846,5346,201577231,271485,14.08,2.05,0.85
05-Apr-21,105.3,105.5,100.5,103.35,102.9487557,3158517,10253,325165395,476179,15.08,5,-1.95
06-Apr-21,103.6,107.25,102.35,104.65,105.0223679,3336166,9318,350372053,362535,10.87,4.9,1.05
07-Apr-21,104.1,105.6,101.75,104.1,104.6973967,1889305,6780,197805315,345095,18.27,3.85,0
08-Apr-21,105,106.7,104.2,104.9,105.5502744,2071623,6064,218660376,300546,14.51,2.5,-0.1
09-Apr-21,105.65,106.15,103.05,104.05,104.6171296,1901006,6674,198877791,283284,14.9,3.1,-1.6
12-Apr-21,101.4,101.4,89.95,92.2,94.28648347,7940870,30715,748716708,1909067,24.04,11.45,-9.2
13-Apr-21,92.75,96.3,91.6,95.8,94.46216824,5018997,14943,474105339,616631,12.29,4.7,3.05
15-Apr-21,95,96.7,93.3,94.05,94.44957987,2257630,8094,213232205,365296,16.18,3.4,-0.95
16-Apr-21,95.2,97.95,94.05,97.15,96.43708539,2387053,8087,230200434,392718,16.45,3.9,1.95
19-Apr-21,93.3,94.95,91.8,93.55,93.7139957,2443729,8826,229011609,360491,14.75,3.15,0.25
20-Apr-21,95.6,96,92.3,93.5,94.29755774,1805542,6309,170258201,339194,18.79,3.7,-2.1
22-Apr-21,93.3,94.95,92.55,94.3,94.03092531,1467245,5512,137966405,213605,14.56,2.4,1
23-Apr-21,94.2,96.85,93.4,95.65,95.623568,3738662,14516,357504200,1083378,28.98,3.45,1.45
26-Apr-21,95.75,97.05,95.5,96.3,96.23380463,1235955,4822,118940652,212213,17.17,1.55,0.55
27-Apr-21,97.45,98.55,96.6,98,97.56652047,1285251,4668,125397468,200561,15.6,1.95,0.55
28-Apr-21,98.9,99.1,97.7,98,98.3881291,1476720,5693,145291718,319739,21.65,1.4,-0.9
29-Apr-21,98.9,100.2,97.45,97.7,98.60241008,3606525,16428,355612057,905058,25.1,2.75,-1.2
30-Apr-21,97,101.4,96.15,98.85,99.60080447,4388724,20489,437120441,1436196,32.72,5.25,1.85
03-May-21,98.75,100.35,96.3,99.85,98.43847104,2283120,8698,224746842,280762,12.3,4.05,1.1
04-May-21,100.85,103.35,100,100.95,101.9358774,4925987,22620,502134807,1603608,32.55,3.35,0.1
05-May-21,102.85,102.9,100.3,102,101.558067,1533934,5380,155783372,207296,13.51,2.6,-0.85
06-May-21,102.9,104.6,101.6,102.9,103.0254762,2070206,7205,213283959,344916,16.66,3,0
07-May-21,104,104,102.2,102.65,102.8576986,2518049,13439,259000725,835298,33.17,1.8,-1.35
10-May-21,104,110.7,103.35,110,107.0370295,4438270,17524,475059237,862761,19.44,7.35,6
11-May-21,109.25,111.15,107.1,109.25,109.5087977,6184944,29139,677305781,1802727,29.15,4.05,0
12-May-21,110.75,110.75,105.15,106.55,107.3135692,4129934,12598,443197958,616082,14.92,5.6,-4.2
14-May-21,106.55,107.95,101.05,101.45,102.7393204,5209943,18173,535266003,972084,18.66,6.9,-5.1
17-May-21,102.8,104.25,101.7,103.4,102.7723349,2573223,11714,264456136,376052,14.61,2.55,0.6
18-May-21,104.7,107.35,104.7,105.35,105.7869912,2119058,8795,224168770,275697,13.01,2.65,0.65
19-May-21,105.55,107,104,104.25,105.5013368,1560396,6962,164623864,262782,16.84,3,-1.3
20-May-21,105,105.45,102.45,102.9,103.4036333,1091456,5362,112860516,220084,20.16,3,-2.1
21-May-21,104.4,106,103.35,104.9,105.0119318,1391913,6241,146167473,226557,16.28,2.65,0.5
24-May-21,105.85,107.95,104.6,107.35,106.5200417,2062850,8008,219734868,377098,18.28,3.35,1.5
25-May-21,108.2,109.3,106.7,107.4,108.1377614,3406483,18202,368369446,1190430,34.95,2.6,-0.8
26-May-21,108.5,108.5,105.8,106.1,106.9495795,1422357,6523,152120483,257511,18.1,2.7,-2.4
27-May-21,106.65,106.95,104.95,106.25,105.9157334,1426769,6037,151117285,224244,15.72,2,-0.4
28-May-21,107.4,107.5,105.1,105.35,105.9904279,1122216,7222,118944154,281856,25.12,2.4,-2.05
31-May-21,104.3,106.95,103.85,106.4,105.8006512,1552525,7324,164258156,218242,14.06,3.1,2.1
01-Jun-21,106.7,106.7,103.7,104.75,104.7840357,1399500,6632,146645258,328990,23.51,3,-1.95
02-Jun-21,104.6,108.35,104.45,108.05,107.0154915,3340283,19342,357462027,1965978,58.86,3.9,3.45
03-Jun-21,110.25,110.5,107.9,108.55,109.056292,2544961,13588,277544010,666393,26.18,2.6,-1.7
04-Jun-21,109.85,109.85,106.95,108.1,107.9975347,1383215,6971,149383810,295176,21.34,2.9,-1.75
07-Jun-21,109.35,115,108.35,113.3,113.2323601,6193215,25122,701272351,1106525,17.87,6.65,3.95
08-Jun-21,114.6,119.2,114,117,117.1468072,6853879,32981,802910042,1496978,21.84,5.2,2.4
09-Jun-21,121.4,132.5,119,124.65,125.9499319,26133050,108605,3291455867,3653726,13.98,13.5,3.25
10-Jun-21,128.8,130.35,125,127.6,127.6072104,13005185,70160,1659555378,2749072,21.14,5.35,-1.2
11-Jun-21,129.7,129.7,124.3,125.65,126.285272,7180006,46627,906729011,2228027,31.03,5.4,-4.05
14-Jun-21,126.85,126.85,116.6,123.45,121.5813501,5952903,31491,723761984,1057611,17.77,10.25,-3.4
15-Jun-21,124.9,125.65,121.75,122.1,123.2458369,4128810,33607,508858644,1268252,30.72,3.9,-2.8
16-Jun-21,122.15,127.9,120.2,125.95,124.0650651,5653016,22748,701341798,643681,11.39,7.7,3.8
17-Jun-21,124,126.85,122.2,123.9,124.6419869,8595209,36303,1071323928,1618257,18.83,4.65,-0.1
18-Jun-21,124.1,124.75,117,121.4,120.6373216,4683428,22220,564996210,743040,15.87,7.75,-2.7
21-Jun-21,118.5,124,118,123.25,121.7320593,4185631,17363,509525481,594095,14.19,6,4.75
22-Jun-21,124.1,125.1,120.05,121.4,123.1149935,3258281,17212,401143244,750077,23.02,5.05,-2.7
23-Jun-21,122.25,123.2,120.55,120.8,122.0515551,2091647,9989,255288769,339896,16.25,2.65,-1.45
24-Jun-21,121,121.45,118.25,118.9,119.6870619,2921894,24364,349712908,780263,26.7,3.2,-2.1
25-Jun-21,119.6,122.5,119.6,121.1,121.4560977,4488266,20423,545127274,1167144,26,2.9,1.5
28-Jun-21,122.2,123.5,120.85,122.65,122.2769691,1973231,9323,241280706,304542,15.43,2.65,0.45
29-Jun-21,123,124.65,121.75,122.8,123.3006032,3899044,20884,480754477,1140121,29.24,2.9,-0.2
30-Jun-21,123.9,123.9,121.65,122.1,122.7989163,1870738,9220,229724599,291537,15.58,2.25,-1.8
01-Jul-21,123.15,123.15,121,121.35,121.6152007,1362505,7162,165701319,278027,20.41,2.15,-1.8
02-Jul-21,121.35,122.6,120.7,120.95,121.6507257,3245461,18751,394812686,784444,24.17,1.9,-0.4
05-Jul-21,122.3,126.9,121.8,125.9,125.3295583,8006617,52096,1003465772,3528078,44.06,5.1,3.6
06-Jul-21,126.45,126.5,122,123,124.8968971,4081446,28931,509759941,1325083,32.47,4.5,-3.45
07-Jul-21,123,124.5,122.15,123.85,123.3473442,1540475,7736,190013500,251414,16.32,2.35,0.85
08-Jul-21,124.2,126.8,122.5,123.35,124.6780252,3407925,20613,424893359,915516,26.86,4.3,-0.85
09-Jul-21,123.2,124.9,121.8,124.5,123.85681,1795467,10636,222380815,312716,17.42,3.1,1.3
12-Jul-21,126.4,126.4,123.5,123.8,124.6409402,2358017,19455,293905456,759760,32.22,2.9,-2.6
13-Jul-21,124.3,125.3,122.95,124,124.2105721,1144183,6861,142119625,263388,23.02,2.35,-0.3
14-Jul-21,125.2,126.05,124.1,124.6,124.8650136,1746865,8349,218122322,278669,15.95,1.95,-0.6
15-Jul-21,125.05,126.45,124.15,124.4,125.0913513,3076388,19298,384829532,1214052,39.46,2.3,-0.65
16-Jul-21,125.5,125.5,123.65,124.15,124.2177954,896378,6145,111346099,274076,30.58,1.85,-1.35
19-Jul-21,126.65,128.4,124.65,125.75,126.9436586,4681992,25140,594349194,1039440,22.2,3.75,-0.9
20-Jul-21,125.95,126.35,121.2,121.75,123.6667667,4926717,19947,609271162,824710,16.74,5.15,-4.2
22-Jul-21,123.75,124.35,122.4,123.65,123.1118544,1521326,10637,187293265,405369,26.65,1.95,-0.1
23-Jul-21,125,125.45,122.6,122.9,124.0235564,1301725,8959,161444564,325741,25.02,2.85,-2.1
26-Jul-21,123.4,123.75,122.1,122.65,122.9580603,1109950,7891,136477299,235195,21.19,1.65,-0.75
27-Jul-21,122.65,123.75,120.25,121.1,121.9781704,2199585,21379,268301354,685789,31.18,3.5,-1.55
28-Jul-21,121.8,121.8,118.4,120.4,120.1093297,1633746,9579,196228137,361772,22.14,3.4,-1.4
29-Jul-21,120.55,123.95,120.55,122.8,122.1193356,2239131,14699,273441190,790879,35.32,3.4,2.25
30-Jul-21,122.55,126.6,122.35,125,125.0580901,4011403,29281,501658398,2195345,54.73,4.25,2.45
02-Aug-21,126.7,133.95,125.5,133.45,130.880464,6690928,31218,875711761,1562653,23.35,8.45,6.75
03-Aug-21,134.45,135.55,132.2,132.55,133.5836863,3853479,20692,514761930,821200,21.31,3.35,-1.9
04-Aug-21,133.35,134.65,130.1,131.65,132.3067617,2612200,12374,345611723,462945,17.72,4.55,-1.7
05-Aug-21,132.35,135.4,129.55,134.55,132.3381542,3760048,25696,497597812,1559361,41.47,5.85,2.2
06-Aug-21,135.4,136.8,134.3,135.15,135.6971117,6047682,37221,820652980,1604459,26.53,2.5,-0.25
09-Aug-21,137.9,137.9,130.35,132.05,132.5087549,4299689,23160,569746436,1151054,26.77,7.55,-5.85
10-Aug-21,132.7,133.8,127.1,130.05,131.1446886,3633983,26574,476577569,1056602,29.08,6.7,-2.65
11-Aug-21,130.25,131.65,126.55,129.5,128.7074257,1921382,10385,247296131,249949,13.01,5.1,-0.75
12-Aug-21,130.45,134.2,130,133.65,132.180727,1773996,9442,234488081,267174,15.06,4.2,3.2
13-Aug-21,134.4,134.6,132,132.55,133.4555957,2284903,18409,304933091,759894,33.26,2.6,-1.85
16-Aug-21,132.75,134.1,131.7,132.05,132.6671239,1240792,7540,164612306,277899,22.4,2.4,-0.7
17-Aug-21,132.4,133,128.55,131.05,130.817497,1518561,8661,198654349,288085,18.97,4.45,-1.35
18-Aug-21,131.95,131.95,130.1,130.4,130.7691177,969260,5776,126749275,178609,18.43,1.85,-1.55
20-Aug-21,129.4,130.25,125.3,126.4,128.3499668,2383612,18399,305936521,979982,41.11,4.95,-3
23-Aug-21,126.4,127.85,121.75,124.95,124.7068455,3962945,36790,494206370,1480648,37.36,6.1,-1.45
24-Aug-21,125,126.6,123.7,125.9,124.9352418,2267111,25911,283242061,763565,33.68,2.9,0.9
25-Aug-21,126.4,127.5,125.5,126.1,126.7436537,2196439,18319,278384704,1228073,55.91,2,-0.3
26-Aug-21,126.75,126.75,124.55,125.7,125.5066594,1732369,15552,217423846,784629,45.29,2.2,-1.05
27-Aug-21,126.25,127.6,125.2,127.2,126.8135142,1904365,16521,241499218,731601,38.42,2.4,0.95
30-Aug-21,128.2,130.1,128.05,129.1,129.0204979,1145144,7696,147747049,323538,28.25,2.05,0.9
31-Aug-21,131.4,131.4,128.25,129.05,129.1825229,1861920,13355,240527523,853222,45.82,3.15,-2.35
01-Sep-21,129.7,134.25,128.7,133.4,131.7586955,3314447,24263,436707213,1573817,47.48,5.55,3.7
02-Sep-21,134.45,134.75,132.65,133.6,133.614026,2461881,11649,328941832,1235268,50.18,2.1,-0.85
03-Sep-21,134.4,135.4,133.25,133.85,134.1302834,2629714,25605,352724284,1078910,41.03,2.15,-0.55
06-Sep-21,134.55,134.65,131.95,132.15,133.2092495,2284264,17974,304285093,1160915,50.82,2.7,-2.4
07-Sep-21,132.5,132.5,129.3,130.05,131.1152486,2671261,25223,350243050,1580464,59.17,3.2,-2.45
08-Sep-21,130.9,133.45,129.5,133.2,131.9945987,2171159,19487,286581261,875684,40.33,3.95,2.3
09-Sep-21,133.3,134.3,131.75,132.75,132.8163668,1508235,8792,200318293,570526,37.83,2.55,-0.55
13-Sep-21,133,133,130.4,131,131.1687445,1578635,19715,207067571,687143,43.53,2.6,-2
14-Sep-21,131.8,133.25,131.35,133,132.3691932,866763,7845,114732719,278237,32.1,1.9,1.2
15-Sep-21,133.25,142.3,132.95,139.95,139.6650229,8251325,60103,1152421495,3248067,39.36,9.35,6.7
16-Sep-21,140.45,142,138.5,140.25,139.9445245,1749277,15093,244801738,452720,25.88,3.5,-0.2
17-Sep-21,140.75,141.45,136.1,137.9,138.5300804,2895519,27535,401116480,1040131,35.92,5.35,-2.85
20-Sep-21,137.8,139.35,133.35,134.45,136.9117554,2619153,28108,358592835,794344,30.33,6,-3.35
21-Sep-21,134.9,136.3,131.2,135.85,133.9629586,3371551,33354,451662947,1034370,30.68,5.1,0.95
22-Sep-21,137.3,139.6,136.4,137.8,137.9913322,2503517,21879,345463646,904363,36.12,3.2,0.5
23-Sep-21,139.45,144.9,138.9,143.65,142.7472795,2812285,19602,401446033,777750,27.66,6,4.2
24-Sep-21,145,145.4,138.75,139.1,143.1701403,13584558,32432,1944903075,11783894,86.74,6.65,-5.9
27-Sep-21,139.4,140.9,136.75,138.75,138.2885155,1940097,25881,268293134,641065,33.04,4.15,-0.65
28-Sep-21,140.2,142.8,139.1,140.05,140.8263157,3533370,27462,497591479,882633,24.98,3.7,-0.15
29-Sep-21,139.95,155.2,138.8,151.65,149.8155316,14027185,89317,2101490177,4397209,31.35,16.4,11.7
30-Sep-21,152.7,161.15,151.25,158.7,156.5640557,10597602,70127,1659203550,1874469,17.69,9.9,6
01-Oct-21,158.95,165,156.6,163.75,161.024914,7594339,38158,1222877784,940657,12.39,8.4,4.8
04-Oct-21,166.45,172.5,164,168.65,168.5610616,6945731,43178,1170779791,1526582,21.98,8.5,2.2
05-Oct-21,169.05,184.8,168.35,179.35,178.7054086,17254901,114427,3083544134,2962945,17.17,16.45,10.3
06-Oct-21,183.7,183.7,172.75,175.9,176.9789763,8284841,54011,1466242679,1677474,20.25,10.95,-7.8
07-Oct-21,178.65,184,176.9,177.8,180.2566491,5306093,35847,956458544,1256386,23.68,7.1,-0.85
08-Oct-21,181.2,181.2,175,176.9,177.1822212,4838164,51272,857236644,1527086,31.56,6.2,-4.3
11-Oct-21,178.45,193.7,177.1,191.55,188.248673,14225237,118678,2677881989,4014384,28.22,16.6,13.1
12-Oct-21,195,198.7,189.85,195.8,194.4789357,11176901,94265,2173671811,2605387,23.31,8.85,0.8
13-Oct-21,201.9,232.4,200,224.15,218.6250428,23243319,153286,5081571612,3559828,15.32,32.4,22.25
14-Oct-21,235.1,236.25,220.7,222.45,225.3731519,10485773,83183,2363211711,2176103,20.75,15.55,-12.65
18-Oct-21,232,264.55,223.2,257.25,252.7783075,21198652,184644,5358559373,3233921,15.26,41.35,25.25
19-Oct-21,269.7,269.7,218.75,230.55,244.961622,18632205,163726,4564175158,4521716,24.27,50.95,-39.15
20-Oct-21,225,236.4,217.35,230.45,228.1371894,24263982,210356,5535516656,4732077,19.5,19.05,5.45
21-Oct-21,234,234.45,220.55,226.05,227.8369343,11720700,117442,2670408356,2139251,18.25,13.9,-7.95
22-Oct-21,228.75,233.85,216.1,222.15,224.2829104,8300717,67777,1861708967,994400,11.98,17.75,-6.6
25-Oct-21,225,225,208,213.6,214.2626454,12059781,131376,2583960580,2690633,22.31,17,-11.4
26-Oct-21,215,232.4,214.4,225.35,225.7796404,9855758,63264,2225229497,1826766,18.54,18,10.35
27-Oct-21,231.5,232.85,222.6,224.15,227.4226188,8403726,71222,1911197375,1488291,17.71,10.25,-7.35
28-Oct-21,225.15,225.15,216.75,218.05,220.0553339,5166836,37885,1136989821,792395,15.34,8.4,-7.1
29-Oct-21,210,217.75,201.2,214.25,211.5597076,13960052,122131,2953384519,2125317,15.22,16.55,4.25
01-Nov-21,219.8,225.15,214.4,223.05,219.0933864,4331221,32827,948941876,784948,18.12,10.75,3.25
02-Nov-21,227.5,234.95,227.25,228.45,230.5460093,9937198,84961,2290981343,2571945,25.88,7.7,0.95
03-Nov-21,230.2,231,226.3,228.7,228.4496169,4513743,27214,1031162859,1128594,25,4.7,-1.5
04-Nov-21,232.9,233.35,230.7,231.35,231.7217535,1095942,24036,253953602,590953,53.92,2.65,-1.55
08-Nov-21,233.2,235.7,228.8,234.55,233.0668414,3395230,27538,791315532,572364,16.86,6.9,1.35
09-Nov-21,237.1,248,234.7,242,243.4225311,11798133,102298,2871931397,3530830,29.93,13.3,4.9
10-Nov-21,241.9,241.9,236.35,237,238.2848746,5945571,62084,1416739640,1453620,24.45,5.55,-4.9
11-Nov-21,237.9,241.25,235.55,239.8,238.5385638,6131047,51704,1462491146,1450433,23.66,5.7,1.9
12-Nov-21,242,242.5,236,239.95,238.7314523,4581376,45434,1093718546,1094534,23.89,6.5,-2.05
15-Nov-21,242,244,239.45,241.65,241.6470352,4743354,44705,1146217431,1892113,39.89,4.55,-0.35
16-Nov-21,243.15,247.5,241.4,244.35,245.3015592,6035504,56858,1480518542,2287500,37.9,6.1,1.2
17-Nov-21,245.9,252.5,243.15,249.9,249.7583116,4265570,32060,1065361561,754434,17.69,9.35,4
18-Nov-21,250.6,252.2,232.45,236.95,239.5765704,9489188,108948,2273387117,2407329,25.37,19.75,-13.65
22-Nov-21,239.9,239.9,224.15,227.6,228.906622,5127972,47863,1173826748,989283,19.29,15.75,-12.3
23-Nov-21,224.5,237.8,222.05,236.95,233.2574427,4419085,32249,1030784466,520881,11.79,15.75,12.45
24-Nov-21,240,246.65,237.45,238.9,243.232413,5303429,40589,1289965833,1395859,26.32,9.2,-1.1
25-Nov-21,239.8,244.3,234,242.85,239.298189,5243402,49037,1254736603,1595644,30.43,10.3,3.05
26-Nov-21,237.55,240.25,225.85,227.3,231.3740124,9768642,126207,2260209895,3443644,35.25,14.4,-10.25
29-Nov-21,224.15,226.8,213.3,218.65,221.1066295,6911083,45005,1528086268,1595383,23.08,13.5,-5.5
30-Nov-21,222.5,228.2,213.2,216.8,222.3481263,8069591,74087,1794258439,2194490,27.19,15,-5.7
01-Dec-21,220,227.35,215.05,225.2,220.2524276,6494457,60036,1430419920,1286535,19.81,12.3,5.2
02-Dec-21,231.9,231.9,221.25,226.35,224.816864,5476547,35093,1231220122,1205147,22.01,10.65,-5.55
03-Dec-21,226.85,228.35,224.4,225.6,226.1242794,3057835,20790,691450736,359140,11.74,3.95,-1.25
06-Dec-21,225.3,226.5,220.2,220.9,223.487196,3731831,44493,834016446,1056145,28.3,6.3,-4.4
07-Dec-21,223.5,227.7,222.7,226.4,224.8065996,3388732,36285,761809318,1110128,32.76,5,2.9
08-Dec-21,228.35,230.8,227,229.35,228.5792468,2245675,16072,513314700,454775,20.25,3.8,1
09-Dec-21,230,231,226.85,227.65,228.2967366,1891344,12535,431787663,577004,30.51,4.15,-2.35
10-Dec-21,226,229.8,225.5,227.85,227.657013,1440460,11285,327930821,244657,16.98,4.3,1.85
13-Dec-21,230.1,236.55,229.1,230.2,233.1615161,2606025,18319,607624740,597862,22.94,7.45,0.1
14-Dec-21,230.4,230.4,225.65,229.05,227.9407238,1471113,13326,335326562,312722,21.26,4.75,-1.35
15-Dec-21,229.15,232.3,227,227.9,229.7622156,2402500,25572,552003723,745564,31.03,5.3,-1.25
16-Dec-21,230.1,230.15,219.25,221.95,222.6418721,4514077,58407,1005022554,1433331,31.75,10.9,-8.15
17-Dec-21,222.9,222.9,214,215.8,216.7218824,4688485,82502,1016097295,1539753,32.84,8.9,-7.1
20-Dec-21,210.65,211.85,202.8,209.1,207.732672,6291941,109595,1307041716,2004086,31.85,9.05,-1.55
21-Dec-21,212.5,216.2,209.8,211.95,213.4761284,3266770,42988,697377412,748688,22.92,6.4,-0.55
22-Dec-21,214.95,218.55,212.9,218,215.5280314,2361123,27005,508888192,819097,34.69,5.65,3.05
23-Dec-21,220.3,221.25,217.4,218,219.1688496,2020609,23579,442854550,671043,33.21,3.85,-2.3
24-Dec-21,219.4,219.45,214.15,216.85,216.0082347,1262336,10969,272674971,189587,15.02,5.3,-2.55
27-Dec-21,216.25,217.75,213.75,217.35,215.9952461,1938613,24769,418731192,616471,31.8,4,1.1
28-Dec-21,219,222.2,218.3,221.55,220.5812089,2441962,25386,538650930,1004780,41.15,3.9,2.55
29-Dec-21,221.3,223.2,218.9,219.4,220.934607,1087517,9167,240270141,240228,22.09,4.3,-1.9
30-Dec-21,219.15,221.05,217.1,218.35,218.9124493,972100,8242,212804792,200686,20.64,3.95,-0.8
31-Dec-21,218.55,221.95,218.4,220.9,220.6914846,1636408,20412,361141311,743892,45.46,3.55,2.35
03-Jan-22,221.4,223.95,216.1,223.35,221.6135609,1187486,12562,263163001,274073,23.08,7.85,1.95
04-Jan-22,224.8,228.4,221,226.25,224.8284497,1835881,15313,412758279,368828,20.09,7.4,1.45
05-Jan-22,226.3,226.65,223.05,223.55,224.1211263,1253469,10939,280928884,286117,22.83,3.6,-2.75
06-Jan-22,220.2,229.7,219.7,228.4,225.1272429,3582629,38751,806547389,1828362,51.03,10,8.2
07-Jan-22,230.5,232.9,227.15,229.7,230.1388581,2133329,18610,490961900,558304,26.17,5.75,-0.8
10-Jan-22,231.3,233.45,230.4,231.7,231.8950325,1451869,14839,336681209,401194,27.63,3.05,0.4
11-Jan-22,233,236.7,231.9,233.1,234.0122206,1851461,15967,433264500,436661,23.58,4.8,0.1
12-Jan-22,235.1,239.6,234.35,237.65,237.1116865,3518599,37944,834300943,1782350,50.66,5.25,2.55
13-Jan-22,239.2,246.6,236.5,245.25,241.004863,3579481,21745,862672328,589992,16.48,10.1,6.05
14-Jan-22,243.95,248.5,242.5,244.2,245.9836703,2250623,19498,553616506,529120,23.51,6,0.25
17-Jan-22,245.95,249.25,245.2,247.85,247.55527,1545585,16244,382617712,424051,27.44,4.05,1.9
18-Jan-22,250.2,250.6,237.85,239.05,244.8678568,4163832,52640,1019588618,1752888,42.1,12.75,-11.15
19-Jan-22,238.65,249.75,236.35,248.5,241.7195176,2745734,20271,663697498,385208,14.03,13.4,9.85
20-Jan-22,250,252.05,245.2,248.65,248.4801005,3993976,42513,992423558,1498425,37.52,6.85,-1.35
21-Jan-22,245.55,250.75,238.55,242.05,245.6955889,3983061,46841,978620518,1224993,30.76,12.2,-3.5
24-Jan-22,242.1,243.85,226.7,229.55,233.3121542,6200425,95012,1446634514,1942060,31.32,17.15,-12.55
25-Jan-22,226.05,240.85,222.8,238.85,233.6505833,4610573,58673,1077263071,1073829,23.29,18.05,12.8
27-Jan-22,235.6,242.25,232.65,241.05,236.8243067,4014337,47294,950692577,931666,23.21,9.6,5.45
28-Jan-22,244.3,249.9,242.9,244.05,246.5722374,3940148,42348,971531108,1584491,40.21,7,-0.25
31-Jan-22,247.9,249.5,245.25,246.05,247.353664,2895927,31811,716318154,917587,31.69,4.25,-1.85
01-Feb-22,249.9,256.3,244.7,249.8,251.0318625,8929863,81225,2241680141,2740294,30.69,11.6,-0.1
02-Feb-22,251.9,255,249.3,250.6,251.5461651,1929770,17393,485426243,604459,31.32,5.7,-1.3
03-Feb-22,250.85,254.3,249.3,252.85,251.5336725,3307431,34065,831930266,1325817,40.09,5,2
04-Feb-22,253.5,257.85,253,254.35,255.5420965,4189835,41985,1070679220,1345997,32.13,4.85,0.85
07-Feb-22,256.4,256.8,250.55,251.85,253.8352619,3327669,40091,844679732,832548,25.02,6.25,-4.55
08-Feb-22,252.7,253.75,232.7,234.75,238.1894881,8179436,128152,1948255674,2627770,32.13,21.05,-17.95
09-Feb-22,237.9,238.9,232.7,237.95,236.4641274,2758835,22999,652365511,498552,18.07,6.2,0.05
10-Feb-22,238.9,244.45,234.2,241.3,240.6239403,2950494,27412,709959492,486480,16.49,10.25,2.4
11-Feb-22,239.95,242,230.35,232.3,236.9856815,3340019,54327,791536679,1046244,31.32,11.65,-7.65
14-Feb-22,225.4,226.95,215,220.5,223.2325253,5495036,103045,1226670763,1869795,34.03,11.95,-4.9
15-Feb-22,223.3,232,218.8,230.4,224.6261983,4965154,63615,1115303667,1001286,20.17,13.2,7.1
16-Feb-22,233.4,236.75,230.25,231.4,234.1757231,3813044,42595,892922336,1204138,31.58,6.5,-2
17-Feb-22,233.5,233.8,227,227.75,230.6844702,2799606,35377,645825627,806092,28.79,6.8,-5.75
18-Feb-22,227.2,230,224.55,225.8,227.7197222,2443697,29409,556478002,634375,25.96,5.45,-1.4
21-Feb-22,224.1,227.55,222.3,225,224.8533038,2764107,33724,621518591,967367,35,5.25,0.9
22-Feb-22,210,224.7,210,222.6,221.504479,3922494,47489,868849990,1114411,28.41,14.7,12.6
23-Feb-22,226.05,226.85,220.5,221.2,223.6915654,1518912,13164,339767803,335097,22.06,6.35,-4.85
24-Feb-22,211.2,216.05,203.3,204.35,209.1180158,8646430,156061,1808124285,3128905,36.19,12.75,-6.85
25-Feb-22,208.2,221,208.2,220.05,217.9802851,6181827,67245,1347516412,1639120,26.52,12.8,11.85
28-Feb-22,217.7,224.4,214.1,223.05,219.2660961,3755733,42984,823504913,,,10.3,5.35
02-Mar-22,221.3,227.2,218.3,225.4,225.0910565,3363264,35213,757040647,1162906,34.58,8.9,4.1
03-Mar-22,229.35,230.5,225.85,226.6,227.843218,1628433,12050,371027415,223789,13.74,4.65,-2.75
04-Mar-22,225.05,226.45,220.75,221.45,223.4126057,2949511,33998,658957938,711375,24.12,5.7,-3.6
07-Mar-22,214.35,219.6,212.25,216.25,215.3745324,3780800,60063,814288032,837975,22.16,7.35,1.9
08-Mar-22,217.35,227.8,215,227,224.5862674,4815651,43178,1081529083,1529223,31.76,12.8,9.65
09-Mar-22,229.9,231.1,226.2,229.25,228.3835364,3079880,33588,703393886,1036979,33.67,4.9,-0.65
10-Mar-22,234.55,235.95,229.9,232.3,233.2153219,2966270,33838,691779613,1016494,34.27,6.05,-2.25
11-Mar-22,232.35,234.2,230.2,233.15,232.8984162,1828156,21281,425774637,801958,43.87,4,0.8
14-Mar-22,232,234.65,230.5,231.5,232.0373579,1524284,19999,353690832,640007,41.99,4.15,-0.5
15-Mar-22,231.9,233.35,225.35,227.4,229.8134274,1065698,9841,244911710,225579,21.17,8,-4.5
16-Mar-22,229.4,231.85,229.05,230.4,230.2437575,1295640,15816,298313022,524870,40.51,2.8,1
17-Mar-22,233.3,233.9,231.3,231.75,232.3805651,686776,7347,159593395,140637,20.48,2.6,-1.55
21-Mar-22,233,233.5,227.4,228,231.0376212,1552158,21311,358606892,579939,37.36,6.1,-5
22-Mar-22,229.7,231.9,226.3,231.3,229.0691412,1535322,19201,351694892,584746,38.09,5.6,1.6
23-Mar-22,232.9,237.45,231.7,234.4,235.1887343,1795694,14073,422326999,371705,20.7,5.75,1.5
24-Mar-22,234.75,241,232.85,239.55,238.5250511,3409708,36769,813300775,1633158,47.9,8.15,4.8
25-Mar-22,240,244.2,239.2,241.35,241.5821202,3261005,30479,787800502,1282737,39.34,5,1.35
28-Mar-22,242.8,243.9,237.5,239.55,240.2485593,1799856,24596,432412811,768000,42.67,6.4,-3.25
29-Mar-22,243.9,244.85,238.55,239.3,241.5952564,1072936,10672,259216248,286465,26.7,6.3,-4.6
30-Mar-22,241,244.85,237.85,241.6,241.0217998,2663049,28554,641852863,917298,34.45,7,0.6
31-Mar-22,242.55,242.85,237.95,238.85,239.6023986,761026,7975,182343655,258598,33.98,4.9,-3.7
01-Apr-22,237.4,246.25,237.2,245.4,243.6732707,3142666,34230,765783703,1950729,62.07,9.05,8
04-Apr-22,247.35,253.5,246.1,251.95,249.9204078,2603282,27573,650613299,617907,23.74,7.4,4.6
05-Apr-22,253.8,275.2,252.3,273.6,265.2507961,8322318,93099,2207501475,3422190,41.12,22.9,19.8
06-Apr-22,275.8,296.5,273,289.8,287.3315679,18202888,179894,5230264350,4175007,22.94,23.5,14
07-Apr-22,293,298,275.9,277.9,286.3141782,14506587,148445,4153441535,4925929,33.96,22.1,-15.1
08-Apr-22,280.45,283,272.85,278.15,278.1760699,5935637,61134,1651152173,1514278,25.51,10.15,-2.3
11-Apr-22,281,288.5,280.15,282.95,284.749878,4534488,49845,1291194905,1417302,31.26,8.35,1.95
12-Apr-22,283.5,283.55,271.7,275.25,276.1808599,4090305,55045,1129663952,1202381,29.4,11.85,-8.25
13-Apr-22,278.7,280.25,272.35,273.05,275.5724608,2608816,32753,718917845,737549,28.27,7.9,-5.65
18-Apr-22,269.3,269.3,252.3,257.9,259.7505672,4476477,48507,1162767440,1520582,33.97,17,-11.4
19-Apr-22,261.3,262,242.5,246.7,252.7906248,3477604,33863,879105688,885826,25.47,19.5,-14.6
20-Apr-22,249.6,255.1,246.7,249.7,251.0276496,4190265,55029,1051872374,1084606,25.88,8.4,0.1
21-Apr-22,253,260,250.75,258.8,255.8103978,4167985,43949,1066213901,1422621,34.13,9.25,5.8
22-Apr-22,258.1,259,252.3,253.25,255.7549178,1792109,15825,458340690,404270,22.56,6.7,-4.85
25-Apr-22,247.55,251.5,244.75,247.4,247.7528665,3213624,49884,796184558,1178692,36.68,6.75,-0.15
26-Apr-22,251,251.65,248.05,248.8,249.7081811,2134841,27228,533087263,714057,33.45,3.6,-2.2
27-Apr-22,248,255.15,245.55,247.3,249.6117106,1823627,16533,455198655,385960,21.16,9.6,-0.7
28-Apr-22,250.55,250.8,244.5,248.35,247.0211453,1111168,11193,274481992,210328,18.93,6.3,-2.2
29-Apr-22,250.95,253.25,240.85,242.3,247.405832,2485691,38774,614974450,717642,28.87,12.4,-8.65
02-May-22,240.1,249.6,238.35,248.5,243.917362,1611015,15985,392954529,239391,14.86,11.25,8.4
04-May-22,250.1,254,242.9,244.95,248.8403495,3581662,18176,891262024,2097693,58.57,11.1,-5.15
05-May-22,249,251.3,244.9,247.55,248.1918796,2542156,29700,630942476,737504,29.01,6.4,-1.45
06-May-22,243,246.9,240.65,245.2,243.2706757,3620170,39805,880681202,811560,22.42,6.25,2.2
09-May-22,235.35,236.75,223.05,229.9,229.1810106,6525894,106246,1495610982,1856466,28.45,13.7,-5.45
10-May-22,229.4,234.5,220.7,222.35,227.5523629,2038238,23112,463805873,504120,24.73,13.8,-7.05
11-May-22,222.5,229.75,219.55,226.55,225.109996,3801866,51457,855838040,984170,25.89,10.2,4.05
12-May-22,226,227,217,219.05,221.6281239,3314203,53667,734520593,1021028,30.81,10,-6.95
13-May-22,224.55,229.15,221.25,222.85,225.3685909,2842618,41561,640636813,654886,23.04,7.9,-1.7
16-May-22,225.7,227.65,220.35,226.65,225.5396289,2235603,26635,504217071,455675,20.38,7.3,0.95
17-May-22,229,242.4,227.75,241.25,235.5216984,3845749,41753,905757336,1073949,27.93,14.65,12.25
18-May-22,243.4,243.4,236.3,237.75,239.1113186,2554785,31506,610878010,758550,29.69,7.1,-5.65
19-May-22,229.1,232.55,226.5,228.45,229.3819057,2723434,40458,624706481,729550,26.79,6.05,-0.65
20-May-22,232.5,236,230.35,233.25,233.2837925,2095644,23330,488879780,591119,28.21,5.65,0.75
23-May-22,235.1,236,228.8,229.75,232.8551415,1829958,25076,426115129,571574,31.23,7.2,-5.35
24-May-22,230.05,231.4,224.85,227.05,228.0233308,1108362,11931,252732395,160211,14.45,6.55,-3
25-May-22,228.55,229.95,220,220.9,223.4803303,1781551,32262,398141606,591027,33.17,9.95,-7.65
26-May-22,222.4,224.35,210.25,221.4,217.1296746,3890146,55276,844666135,720234,18.51,14.1,-1
27-May-22,225.7,226.9,222.8,224.7,224.4407308,914876,9505,205335438,179555,19.63,4.1,-1
30-May-22,227.95,233.9,217.55,233.25,230.6719023,2519655,28070,581213612,915516,36.33,16.35,5.3
31-May-22,233.15,237.6,231.15,235.1,235.5057187,2683385,28024,631952513,843512,31.43,6.45,1.95
01-Jun-22,233.8,236.15,230.6,232.65,233.626326,685148,7800,160068610,157865,23.04,5.55,-1.15
02-Jun-22,232.8,235.9,231.25,234.2,233.1618049,854733,8329,199291089,140198,16.4,4.65,1.4
03-Jun-22,236.9,236.9,230.3,231.05,233.4043659,1189257,17952,277577776,419891,35.31,6.6,-5.85
06-Jun-22,231.05,233.6,227.5,232.3,231.0261865,1316518,18937,304150133,425829,32.34,6.1,1.25
07-Jun-22,230.95,235.4,229.55,234.7,233.3696838,1826948,19847,426354277,730557,39.99,5.85,3.75
08-Jun-22,233.05,236.65,231.2,233,233.9264302,1014438,14699,237303860,171707,16.93,5.45,-0.05
09-Jun-22,232.5,234.7,231.4,233,233.3199375,1142170,14251,266491033,300721,26.33,3.3,0.5
10-Jun-22,231.95,232.45,229.05,230.2,230.2674845,580714,6654,133719552,115439,19.88,3.4,-1.75
13-Jun-22,223.95,226.4,218.9,219.5,221.3630571,1002297,15411,221871528,361681,36.09,7.5,-4.45
14-Jun-22,214.95,224.4,214.8,220.45,220.6110351,1623252,27015,358107304,364309,22.44,9.6,5.5
15-Jun-22,220.7,222.4,218.4,218.9,219.8595508,1119793,23125,246197186,328300,29.32,4,-1.8
16-Jun-22,222.75,223.3,209,209.85,214.9682808,1218284,18860,261892417,353080,28.98,14.3,-12.9
17-Jun-22,209.4,214,207,210.45,210.318577,2207033,39816,464180040,656369,29.74,7,1.05
20-Jun-22,211.3,213.05,190,194.75,197.344232,5265949,108215,1039204661,1696153,32.21,23.05,-16.55
21-Jun-22,198.9,207.8,192.5,204.55,200.1916402,1813268,21145,363001095,303205,16.72,15.3,5.65
22-Jun-22,204.55,204.6,198.85,201.3,201.5950943,1684091,23437,339504484,362944,21.55,5.75,-3.25
23-Jun-22,201,204.85,198.75,202.95,202.3278831,2028424,27036,410406734,356871,17.59,6.1,1.95
24-Jun-22,205,208.75,203.8,207.85,206.1513711,1387075,20046,285947413,406313,29.29,4.95,2.85
27-Jun-22,210.3,211.6,207.75,208.05,208.9636874,811150,10863,169500895,223843,27.6,3.85,-2.25
28-Jun-22,206.6,209.05,204.95,208.7,207.2684387,594605,7355,123242850,93365,15.7,4.1,2.1
29-Jun-22,205.75,209.7,205.65,207.2,207.9090883,1036665,15640,215532075,260165,25.1,4.05,1.45
30-Jun-22,207.5,209.3,201.5,202.35,204.9403017,700573,9241,143575642,153578,21.92,7.8,-5.15
01-Jul-22,204.25,207.6,200.55,207,204.0306225,1505100,21663,307086490,401779,26.69,7.05,2.75
04-Jul-22,207.35,212.5,207.35,211.5,209.6037373,775864,8740,162623994,145095,18.7,5.15,4.15
05-Jul-22,214.7,217.1,212,212.75,214.8236578,1766469,24862,379479332,606604,34.34,5.1,-1.95
06-Jul-22,216.1,216.1,210.1,213.95,212.4550475,774829,7849,164616332,153341,19.79,6,-2.15
07-Jul-22,215.9,216.45,212.35,214.5,214.6882369,937404,11753,201249612,202187,21.57,4.1,-1.4
08-Jul-22,217.2,220.85,214.8,220.05,217.1265967,859912,9950,186709766,187838,21.84,6.05,2.85
11-Jul-22,219.25,221.85,218.2,220.8,220.7384782,1579360,24564,348625523,604479,38.27,3.65,1.55
12-Jul-22,220.25,224.2,218.8,221.45,222.3525267,1486038,23507,330424304,531582,35.77,5.4,1.2
13-Jul-22,222.25,223.3,219.95,220.85,221.4921168,652656,7717,144558159,127485,19.53,3.35,-1.4
14-Jul-22,223,223.25,219.15,221.25,221.1327709,1200225,17787,265409080,515604,42.96,4.1,-1.75
15-Jul-22,221.45,226.25,221.45,225.05,222.9850259,819214,10192,182672455,264714,32.31,4.8,3.6
18-Jul-22,226.75,228.85,225.45,227.8,225.9096654,2977442,20474,672632926,2361708,79.32,3.4,1.05
19-Jul-22,227.05,229.55,226.5,228.15,228.0665303,1074248,15845,245000014,531432,49.47,3.05,1.1
20-Jul-22,230,230.5,226.65,227.4,228.6154283,1222750,19870,279539515,512499,41.91,3.85,-2.6
21-Jul-22,226.5,230.9,226.5,230,229.2703156,843403,7792,193367272,220874,26.19,4.4,3.5
22-Jul-22,230.5,234,230.2,230.85,231.7735052,598857,7632,138799186,193713,32.35,3.8,0.35
25-Jul-22,231.4,233.25,229.5,232.5,231.5928332,1225952,16339,283921697,649913,53.01,3.75,1.1
26-Jul-22,233,233.5,225.25,226.15,229.265672,1171832,17814,268660851,521066,44.47,8.25,-6.85
27-Jul-22,221.9,223.9,215.5,217.95,218.6426507,2853922,48088,623989071,1016839,35.63,8.4,-3.95
28-Jul-22,220.85,221.45,216.9,218.15,218.9923597,1046168,11693,229102799,266626,25.49,4.55,-2.7
29-Jul-22,219.95,222.6,218.8,221.9,220.7145493,1895119,26920,418280336,798516,42.14,3.8,1.95
01-Aug-22,221.5,231.15,221.5,230.35,225.0084111,4090207,32366,920330978,3007240,73.52,9.65,8.85
02-Aug-22,231,233.5,227.35,232.6,230.3597527,1118471,11917,257650703,371007,33.17,6.15,1.6
03-Aug-22,232.3,237.4,231.05,232.45,233.5589677,1272535,15784,297211961,366084,28.77,6.35,0.15
04-Aug-22,233.95,234.95,225.3,227.7,229.6119237,923339,10450,212009644,300415,32.54,9.65,-6.25
05-Aug-22,228.95,233.1,227.7,232.1,230.5045491,1866857,23412,430319031,896015,48,5.4,3.15
08-Aug-22,231.6,232.8,227.7,228.3,230.0851597,2019546,28246,464667564,1298908,64.32,5.1,-3.3
10-Aug-22,229.15,230.3,227.2,228.45,228.5019448,720894,8495,164725681,276929,38.41,3.1,-0.7
11-Aug-22,230.45,231.4,228.35,229.45,229.870002,458084,5497,105299770,129206,28.21,3.05,-1
12-Aug-22,229.5,235.5,228.65,232.4,233.1354706,2598852,29627,605884584,1503592,57.86,6.85,2.9
16-Aug-22,232.4,237.45,231.35,236,234.0033984,2126597,30581,497630925,1151252,54.14,6.1,3.6
17-Aug-22,238.05,241.7,236.55,237.2,239.1305684,2717855,34844,649922211,1371577,50.47,5.15,-0.85
18-Aug-22,237.15,239.7,236,238,237.43552,1101807,13694,261608118,,,3.7,0.85
19-Aug-22,238.4,241.85,231.85,232.7,236.2004425,2351892,33605,555517931,1022783,43.49,10,-5.7
22-Aug-22,232.3,232.5,223,224.2,227.3104638,2674547,46168,607952519,1091475,40.81,9.5,-8.1
23-Aug-22,222.55,232.05,221.55,231.5,227.8857581,2061346,27411,469751396,765506,37.14,10.5,8.95
24-Aug-22,231.6,232.8,227.5,229.5,230.1341953,1610190,21102,370559780,714039,44.34,5.3,-2.1
25-Aug-22,230.2,233.25,228.6,229.2,231.3765974,1112570,11381,257422661,655634,58.93,4.65,-1
26-Aug-22,230.2,236.35,230.2,235.1,233.6410954,772261,9359,180431906,257704,33.37,6.15,4.9
29-Aug-22,226,233.7,226,232.7,230.7364608,1632019,24121,376566288,743241,45.54,7.7,6.7
30-Aug-22,233.7,237.5,233.7,236.9,235.8444285,1817511,25217,428649843,1169773,64.36,3.8,3.2
01-Sep-22,235.8,240.15,234.45,237.1,237.2142689,847729,11930,201093415,320055,37.75,5.7,1.3
02-Sep-22,238.1,239.5,233.3,235,237.4312479,949709,11337,225490593,,,6.2,-3.1
05-Sep-22,235.1,238.4,235.1,236.4,236.676649,733426,10027,173584808,389224,53.07,3.3,1.3
06-Sep-22,237.3,248,237.3,247.35,244.6935311,2845405,29547,696252197,1025919,36.06,10.7,10.05
07-Sep-22,247,251,245.05,246.95,247.9464876,2943376,38283,729799741,1296566,44.05,5.95,-0.05
08-Sep-22,249.45,250,243.45,244.9,245.9820628,1693576,23631,416589318,714205,42.17,6.55,-4.55
09-Sep-22,246.05,246.95,241.15,242.35,243.8886399,1440094,22979,351222567,,,5.8,-3.7
12-Sep-22,243.2,245.2,241.6,242.75,242.9389102,1780313,21822,432507300,1047511,58.84,3.6,-0.45
13-Sep-22,243,244.9,240.1,241,242.3254725,706539,9564,171212397,285484,40.41,4.8,-2
14-Sep-22,236.8,244.1,236.6,241.45,240.6300287,1219819,18730,293525081,557638,45.71,7.5,4.65
15-Sep-22,242,246.8,240,245.25,242.7647973,962944,12025,233768905,354819,36.85,6.8,3.25
16-Sep-22,247.15,247.85,232.7,236.7,240.1394509,2072306,27808,497642425,787714,38.01,15.15,-10.45
19-Sep-22,236,238,231.8,232.25,235.2976236,2730402,29923,642457102,1837283,67.29,6.2,-3.75
20-Sep-22,235.3,237.5,234.5,235.15,236.1766418,480747,7317,113541212,124191,25.83,3,-0.15
21-Sep-22,235.1,236.6,230.3,231.2,233.2387489,678311,9488,158208409,169308,24.96,6.3,-3.9
22-Sep-22,229.5,233.6,227.3,231.65,230.4397008,1442058,25728,332307414,426244,29.56,6.3,2.15
23-Sep-22,231.65,232.45,223.6,224.6,227.0526624,1544309,38873,350639470,663295,42.95,8.85,-7.05
26-Sep-22,222.6,223.45,212.35,215.55,216.5736278,3119657,74172,675635434,,,11.1,-7.05
27-Sep-22,217.05,219.9,214.4,217.45,217.0540945,1741324,31556,377961504,459090,26.36,5.5,0.4
28-Sep-22,215.35,216.85,212.95,213.85,215.5057857,606925,9614,130795849,202427,33.35,3.9,-1.5
29-Sep-22,215.8,218,210.5,212.25,213.1034165,903927,13581,192629932,374690,41.45,7.5,-3.55
30-Sep-22,211.75,217,210.2,216.5,213.8661066,1503876,26391,321628105,462680,30.77,6.8,4.75
03-Oct-22,216.5,218.05,211.95,213.25,215.3603044,1317633,27783,283765844,399007,30.28,6.1,-3.25
04-Oct-22,216.5,219.95,216.2,219,218.1059566,526697,7673,114875753,185902,35.3,3.75,2.5
06-Oct-22,221.3,223.25,220.55,221.7,221.9450007,517734,7142,114908473,154719,29.88,2.7,0.4
07-Oct-22,221.3,222.9,218.85,222.55,220.8833636,1042282,16533,230222754,339657,32.59,4.05,1.25
10-Oct-22,219.55,220.8,217.05,220.3,218.9753022,1018916,21704,223117439,381512,37.44,3.75,0.75
11-Oct-22,220.3,222.25,216.6,217.15,220.2196376,2304569,5923,507511350,2019865,87.65,5.65,-3.15
12-Oct-22,217.8,219.35,215.05,217.95,217.2289211,910768,16852,197845150,271285,29.79,4.3,0.15
13-Oct-22,217.95,218.95,213.5,216.1,215.9015776,1121259,19355,242081587,371703,33.15,5.45,-1.85
14-Oct-22,219.5,220.6,215.6,215.9,218.3817026,392853,5244,85791907,111328,28.34,5,-3.6
17-Oct-22,211.75,218.45,211.75,217.9,216.2838999,931987,17463,201573783,363700,39.02,6.7,6.15
18-Oct-22,219.65,221.95,218.75,220.7,220.1984758,506752,5585,111586018,130885,25.83,3.2,1.05
19-Oct-22,221.45,221.7,217.55,218.45,219.7408518,943954,16155,207425256,340715,36.09,4.15,-3
20-Oct-22,216.3,221.35,216.1,220.6,218.7986946,915097,12788,200222029,376568,41.15,5.25,4.3
21-Oct-22,221,222.15,217.5,218.6,219.8637957,375715,5479,82606126,101188,26.93,4.65,-2.4
24-Oct-22,220.6,221,218.5,219,219.8419046,402934,18039,88581778,,,2.5,-1.6
25-Oct-22,218.7,222.9,217.6,220.7,219.8834741,2388430,14016,525176286,1805366,75.59,5.3,2
27-Oct-22,221.05,226.95,221.05,225.9,223.6868026,1567781,19879,350691919,794486,50.68,5.9,4.85
28-Oct-22,227.4,227.4,222.5,225,225.1728058,1659395,19082,373650628,589410,35.52,4.9,-2.4
31-Oct-22,229.65,229.65,224.25,225.95,225.9924294,976283,9850,220632567,285603,29.25,5.4,-3.7
01-Nov-22,226.05,231.35,226.05,230.6,228.4910568,836506,8455,191134140,327514,39.15,5.3,4.55
02-Nov-22,229.6,231.9,227.85,229,229.2294704,2005710,20413,459767841,1242664,61.96,4.05,-0.6
03-Nov-22,227.8,229.45,225.75,227.35,227.6690161,340370,4851,77491703,121318,35.64,3.7,-0.45
04-Nov-22,228,229.3,226.75,228.25,227.7858526,281960,4467,64226499,83311,29.55,2.55,0.25
07-Nov-22,228.05,230.35,227,229.2,228.9021032,412761,6541,94481861,118550,28.72,3.35,1.15
09-Nov-22,229.2,234.5,228.85,231.4,232.197655,2076284,26777,482108276,1149508,55.36,5.65,2.2
10-Nov-22,231,233.35,228.45,229.15,230.5873131,1103425,17225,254435806,508774,46.11,4.9,-1.85
11-Nov-22,231.7,232.2,229.35,229.75,230.5065906,353076,5321,81386345,119411,33.82,2.85,-1.95
14-Nov-22,229.4,230.4,226.8,227.7,228.0345389,797913,15512,181951723,398072,49.89,3.6,-1.7
15-Nov-22,228.1,230.15,228,229.5,228.9318955,418489,4266,95805480,118393,28.29,2.15,1.4
16-Nov-22,228.7,229.95,222.3,224.6,226.1092987,1349696,22841,305178816,763015,56.53,7.65,-4.1
17-Nov-22,224.05,224.95,221,221.3,222.233585,866618,19441,192591625,410247,47.34,3.95,-2.75
18-Nov-22,222.7,222.8,218.75,220.4,220.8806693,435043,6318,96092589,,,4.05,-2.3
21-Nov-22,220.05,222.3,218.4,221.3,220.5254418,299999,5536,66157412,102642,34.21,3.9,1.25
22-Nov-22,221,221.85,219.1,220.45,220.2958266,392774,5191,86526473,216095,55.02,2.75,-0.55
23-Nov-22,221.5,222.3,220.45,220.75,221.2039077,261074,3668,57750589,99024,37.93,1.85,-0.75
24-Nov-22,221,221.6,219.55,220.75,220.3945456,262687,4705,57894782,109003,41.5,2.05,-0.25
25-Nov-22,220.65,224.75,220.25,224.15,223.412654,1016314,14952,227057408,594578,58.5,4.5,3.5
28-Nov-22,223.7,226.35,223.2,224.65,224.7558515,785776,15416,176607754,431503,54.91,3.15,0.95
29-Nov-22,224.7,225.45,222.95,223.35,223.7537487,680910,14114,152356165,341966,50.22,2.5,-1.35
30-Nov-22,222.8,225.35,222.6,224.8,223.5008421,320015,4282,71523622,99839,31.2,2.75,2
01-Dec-22,224.75,227.1,223.6,224.85,225.2480541,1018149,17765,229336081,526389,51.7,3.5,0.1
02-Dec-22,225.1,226.25,223.9,225.2,225.0826172,321519,4933,72368338,93928,29.21,2.35,0.1
05-Dec-22,225.2,225.9,222.4,224.15,224.0536439,703603,11896,157644816,490587,69.72,3.5,-1.05
06-Dec-22,224,230.25,223.35,228.7,227.8945698,733841,9824,167238379,223085,30.4,6.9,4.7
07-Dec-22,228.25,229.5,225.4,225.9,226.9435456,519676,8349,117937114,337375,64.92,4.1,-2.35
08-Dec-22,225.6,227.2,224.65,225,225.526085,717329,13580,161776401,410403,57.21,2.55,-0.6
09-Dec-22,225.4,226.4,217.55,219.45,221.4331361,518426,8848,114796695,283134,54.61,8.85,-5.95
12-Dec-22,219.45,219.65,215.55,217.85,218.1781483,1424493,26466,310793245,931966,65.42,4.1,-1.6
13-Dec-22,218.5,220.25,217.85,218.8,219.0254665,758055,16410,166033350,341429,45.04,2.4,0.3
14-Dec-22,219.5,223.15,219.5,222.7,221.7254789,577267,6872,127994802,216123,37.44,3.65,3.2
15-Dec-22,222.35,224.8,221,221.9,223.3711205,1099104,14959,245508092,498891,45.39,3.8,-0.45
16-Dec-22,220,222.4,216.15,217.35,218.762096,1304379,25733,285348684,619910,47.53,6.25,-2.65
19-Dec-22,217.75,218,214.85,216.8,216.389913,914763,22393,197945486,434738,47.52,3.15,-0.95
20-Dec-22,216.1,218.4,214.65,217.8,216.2749828,1006681,17705,217719916,459972,45.69,3.75,1.7
21-Dec-22,218.1,219.4,212.55,213.75,216.0058008,553204,7886,119495273,275988,49.89,6.85,-4.35
22-Dec-22,214.65,215.35,206.6,208.85,209.6085274,700307,13295,146790319,237469,33.91,8.75,-5.8
23-Dec-22,205.2,207.85,196,197,201.0236151,1384709,22065,278359209,823609,59.48,11.85,-8.2
26-Dec-22,195.2,204.7,194.45,203.25,200.9273551,2100410,45917,422029826,1000958,47.66,10.25,8.05
27-Dec-22,207.3,208.3,204.85,207.7,206.6349545,1330719,24358,274973060,497740,37.4,3.45,0.4
28-Dec-22,207.1,210.3,206.85,208.15,208.838132,904799,16014,188956533,322091,35.6,3.45,1.05
29-Dec-22,208.7,208.75,205,205.85,206.4153971,479493,7227,98974738,155503,32.43,3.75,-2.85
30-Dec-22,207.8,209.95,207.05,207.7,208.4301577,917803,14884,191297824,392129,42.72,2.9,-0.1
02-Jan-23,208.7,212.2,208.15,211.75,210.4696771,1006268,17507,211788901,512944,50.97,4.05,3.05
03-Jan-23,212.2,213.05,210,211.25,211.3270703,416889,6164,88099931,228054,54.7,3.05,-0.95
04-Jan-23,211,211,205.85,208.1,207.9352464,719250,7964,149557426,196291,27.29,5.15,-2.9
05-Jan-23,209.8,209.8,205.25,207.65,207.7933832,912312,17739,189572397,324193,35.54,4.55,-2.15
06-Jan-23,207.8,208.75,204.1,205.4,205.8021399,1172834,23035,241371747,587255,50.07,4.65,-2.4
09-Jan-23,206.15,207.2,205.2,206.15,206.2320916,330865,4921,68234981,123996,37.48,2,0
10-Jan-23,206.8,207.8,204.7,206.1,206.2169857,370158,5286,76332867,128494,34.71,3.1,-0.7
11-Jan-23,206.4,207.35,205.15,205.85,206.3145251,1375264,14523,283736939,363661,26.44,2.2,-0.55
12-Jan-23,206.15,206.85,203.9,205.65,205.4880667,274862,4570,56480861,90296,32.85,2.95,-0.5
13-Jan-23,205.6,206.75,204.25,206.55,205.0558688,701429,5492,143832133,507680,72.38,2.5,0.95
16-Jan-23,207.05,208.05,206.15,206.95,206.9348443,640957,11602,132636337,324253,50.59,1.9,-0.1
17-Jan-23,206.5,208.55,206,207.6,207.2792214,274653,3618,56929860,78045,28.42,2.55,1.1
18-Jan-23,207.05,208.35,207.05,207.4,207.6881545,220295,3271,45752662,93555,42.47,1.3,0.35
19-Jan-23,207,207.4,205,205.25,205.7732641,193044,4224,39723294,98617,51.09,2.4,-1.75
20-Jan-23,205.05,208.55,205.05,207.15,207.337573,260317,4439,53973495,95370,36.64,3.5,2.1
23-Jan-23,207.55,208,206.7,207,207.2436715,249229,3641,51651133,64135,25.73,1.3,-0.55
24-Jan-23,207,208.15,205.5,205.75,206.5334083,289000,4651,59688155,97643,33.79,2.65,-1.25
25-Jan-23,205.8,206.3,201,201.55,202.7170953,405147,8009,82130223,215939,53.3,5.3,-4.25
27-Jan-23,202.1,203.85,196.75,202.45,200.581528,1736563,44405,348322460,855705,49.28,7.1,0.35
30-Jan-23,203,205.75,201.3,204.4,203.7203876,1545146,24751,314777742,672680,43.54,4.45,1.4
31-Jan-23,205.5,214.65,204.4,212.9,211.1674074,2305227,28249,486788809,1321560,57.33,10.25,7.4
01-Feb-23,215,215.45,196.95,205.85,209.6599542,1097414,16280,230083769,354870,32.34,18.5,-9.15
02-Feb-23,205.85,208.8,204.15,206.3,206.5039848,483840,8099,99914888,137147,28.35,4.65,0.45
03-Feb-23,207.55,208.3,202,205.3,204.769092,584211,8963,119628356,240762,41.21,6.3,-2.25
06-Feb-23,209.05,212.8,207,208.5,209.4161717,928994,11717,194546367,286583,30.85,5.8,-0.55
07-Feb-23,209.95,209.95,204.95,206.15,206.8667543,431954,6616,89356922,135155,31.29,5,-3.8
08-Feb-23,206,207.5,204.15,207.05,205.93697,424972,6047,87517446,138801,32.66,3.35,1.05
09-Feb-23,207,207.6,203.55,205.55,205.5000833,275954,4690,56708570,99486,36.05,4.05,-1.45
10-Feb-23,205.55,206.2,202.9,204.8,204.6482224,632212,14386,129381062,261152,41.31,3.3,-0.75
13-Feb-23,205,206.25,202.4,203.65,203.9536743,400577,5938,81699151,192624,48.09,3.85,-1.35
14-Feb-23,203.3,204.5,201.95,203.1,202.9826605,856486,15894,173851807,413816,48.32,2.55,-0.2
15-Feb-23,202.95,205.7,202.5,205.3,204.338454,294495,4726,60176653,95171,32.32,3.2,2.35
16-Feb-23,205.95,206.3,204.65,205.05,205.5410351,784792,13396,161306960,393232,50.11,1.65,-0.9
17-Feb-23,204.6,206.1,204.2,204.7,205.1602003,596547,7268,122387702,385424,64.61,1.9,0.1
20-Feb-23,204.9,205.3,202.25,203.8,203.6620445,523128,6724,106541318,315029,60.22,3.05,-1.1
21-Feb-23,204.35,209.7,204.35,207.9,207.6919645,647013,7531,134379401,192227,29.71,5.35,3.55
22-Feb-23,207.75,207.75,201.65,202.15,203.7703566,1313201,14522,267591436,883983,67.32,6.1,-5.6
23-Feb-23,202.5,203.55,200.65,201.3,202.1683941,775621,8362,156806052,416268,53.67,2.9,-1.2
24-Feb-23,201.6,202.95,201.3,202.25,202.1108526,938796,12855,189740860,545159,58.07,1.65,0.65
27-Feb-23,202.25,202.25,197.55,199.8,199.1203568,632245,9534,125892850,222716,35.23,4.7,-2.45
28-Feb-23,200.25,203,199.6,202.5,201.2836187,1464854,17246,294851114,753041,51.41,3.4,2.25
01-Mar-23,203.05,205.35,202.35,204.4,204.31162,332591,4664,67952206,123910,37.26,3,1.35
02-Mar-23,204.2,206.3,203.7,205.65,205.4750191,951408,11331,195490577,726476,76.36,2.6,1.45
03-Mar-23,205.75,209.2,205.75,207.7,208.0504121,1730298,18141,359989212,923380,53.37,3.45,1.95
06-Mar-23,207.8,212.95,207.8,210.25,210.440571,512056,6706,107757357,221550,43.27,5.15,2.45
08-Mar-23,209.95,211.9,208.05,211.25,210.4269277,304534,5520,64082154,96775,31.78,3.85,1.3
09-Mar-23,212,212.8,209.35,209.65,211.2593673,297659,4650,62883252,106903,35.91,3.45,-2.35
10-Mar-23,208,209.25,206,208.8,208.2367688,302447,4509,62980586,98050,32.42,3.25,0.8
13-Mar-23,206.7,209.15,202.25,202.9,205.7142236,1270448,21783,261349224,587856,46.27,6.9,-3.8
14-Mar-23,203.7,205.2,201.75,203.4,203.5611194,1181449,17732,240497081,445294,37.69,3.45,-0.3
15-Mar-23,203.7,205.45,202.6,203,204.3572989,806686,4488,164852172,589845,73.12,2.85,-0.7
16-Mar-23,202.4,204.5,198.75,203.35,201.502995,970956,18780,195650542,513191,52.85,5.75,0.95
17-Mar-23,204,206.35,203.7,205,205.176212,296847,4317,60905943,106832,35.99,2.65,1
20-Mar-23,202.3,204.45,200.6,202.65,202.0980888,572736,7498,115748851,382979,66.87,3.85,0.35
21-Mar-23,203.35,203.65,201.55,202.25,202.5658108,508997,10181,103105390,256135,50.32,2.1,-1.1
22-Mar-23,203.1,203.65,200.6,201,201.8102474,279738,4510,56453995,110613,39.54,3.05,-2.1
23-Mar-23,200.05,202.15,199.55,200.1,200.7991651,662380,14203,133005351,318819,48.13,2.6,0.05
24-Mar-23,199.55,201.25,192.2,192.8,197.0169961,886497,13487,174654976,548222,61.84,9.05,-6.75
27-Mar-23,192.8,194,184.4,186.7,188.0408114,3402724,62014,639850982,1387235,40.77,9.6,-6.1
28-Mar-23,186.7,187.4,182.45,183.95,184.0936512,2106359,36441,387767319,953748,45.28,4.95,-2.75
29-Mar-23,183.95,187.55,183.3,185.65,185.1054825,881236,10280,163121615,425236,48.25,4.25,1.7
31-Mar-23,188.45,191.65,188,190.2,190.3920485,1661580,26750,316351620,775077,46.65,3.65,1.75
03-Apr-23,193.85,196,192.05,193.95,193.8736505,526951,7985,102161914,182048,34.55,3.95,0.1
05-Apr-23,194.35,194.95,192.45,194.55,193.5467206,540329,6773,104578906,185321,34.3,2.5,0.2
06-Apr-23,193.85,196,192.1,195.15,194.3210953,386910,5778,75184775,121016,31.28,3.9,1.3
10-Apr-23,195.2,197.7,195.1,195.75,196.32124,399337,6300,78398335,196548,49.22,2.6,0.55
11-Apr-23,195.8,197.85,195.8,197.5,196.9742113,740246,13321,145809372,409279,55.29,2.05,1.7
12-Apr-23,197.6,198.65,195.55,197.05,196.8686116,476549,4680,93817540,197840,41.52,3.1,-0.55
13-Apr-23,197.05,197.2,194.25,196.2,195.8234027,266080,4172,52104691,109976,41.33,2.95,-0.85
17-Apr-23,195.55,197.6,194.8,196.95,196.5707055,268876,5170,52853145,89100,33.14,2.8,1.4
18-Apr-23,197.05,198.15,196.2,197.2,197.1872962,256978,4031,50672797,82860,32.24,1.95,0.15
19-Apr-23,197.85,197.85,193.05,193.45,195.6720082,697551,5562,136491205,489586,70.19,4.8,-4.4
20-Apr-23,193.05,196.75,193.05,196.35,195.0740428,287469,4146,56077740,93582,32.55,3.7,3.3
21-Apr-23,196.65,197.15,194.55,195.7,195.7004558,223563,3539,43751381,76574,34.25,2.6,-0.95
24-Apr-23,196.1,196.65,194.85,195.8,195.492198,218341,4676,42683962,72786,33.34,1.8,-0.3
25-Apr-23,195.7,198.8,195.4,197.6,197.6398204,320218,3951,63287828,135263,42.24,3.4,1.9
26-Apr-23,197.65,198.95,196.2,198.15,197.5343977,220407,4193,43537964,66602,30.22,2.75,0.5
27-Apr-23,198.1,200,197.65,198.45,198.7018498,272299,4465,54106315,89664,32.93,2.35,0.35
28-Apr-23,199.1,201.5,199.05,201.15,200.2933096,312223,4300,62536178,126875,40.64,2.45,2.05
02-May-23,201.15,202.9,200.45,201.65,201.8172365,978182,17847,197413988,458369,46.86,2.45,0.5
03-May-23,201.4,204.35,200.5,203.8,203.120488,503627,7018,102296962,224054,44.49,3.85,2.4
04-May-23,203.55,204.65,202.1,203.75,203.2348402,402874,5732,81878033,120718,29.96,2.55,0.2
05-May-23,204.45,205.5,199.35,200.1,202.359763,770913,8603,156001772,260241,33.76,6.15,-4.35
08-May-23,200.25,203.15,199.6,202.65,201.8213575,406958,6758,82132816,164320,40.38,3.55,2.4
09-May-23,203.5,205.1,202.5,203.4,203.9959874,765092,10118,156075698,490844,64.15,2.6,-0.1
10-May-23,203.4,204.35,202.15,204.1,203.5911031,693840,12193,141259651,433128,62.42,2.2,0.7
11-May-23,204.25,207.2,204.25,206.25,206.0247062,395649,5765,81513469,151036,38.17,2.95,2
12-May-23,206.4,207.7,206.2,207.05,207.0120366,490090,6144,101454529,269777,55.05,1.5,0.65
15-May-23,207.15,209.4,206.5,208,208.3027218,396354,6388,82561617,182300,45.99,2.9,0.85
16-May-23,208.6,214.95,208.05,211.35,212.1049063,697146,9545,147868087,199207,28.57,6.9,2.75
17-May-23,211.95,212.45,206.8,207.65,208.8392367,524616,7083,109560405,172704,32.92,5.65,-4.3
18-May-23,208.7,209.7,204.1,204.6,206.9958985,336218,5712,69595747,112286,33.4,5.6,-4.1
19-May-23,205,206.35,201.75,205.8,204.2609841,389039,5720,79465489,106308,27.33,4.6,0.8
22-May-23,205.8,206.9,204.25,206.15,205.7975468,396467,5707,81591936,211586,53.37,2.65,0.35
23-May-23,206.1,207.45,205.5,206.8,206.4419299,259600,4296,53592325,89798,34.59,1.95,0.7
24-May-23,206.15,208,205.6,207.3,207.4122555,716541,8185,148619385,529815,73.94,2.4,1.15
25-May-23,207.05,211.1,206.45,210.85,209.6581442,1736194,19645,364007212,836223,48.16,4.65,3.8
26-May-23,212,213.75,210.65,212.1,212.1655555,1233218,18426,261646382,831957,67.46,3.1,0.1
29-May-23,213,217.65,211.75,216.95,214.6141526,557692,8714,119688596,251481,45.09,5.9,3.95
30-May-23,217.35,218.45,214.95,217.2,216.8520902,848490,8177,183996830,432732,51,3.5,-0.15
31-May-23,216.35,218.95,212.95,213.6,215.7708015,1224646,18111,264242849,555666,45.37,6,-2.75
01-Jun-23,213.05,217,213,215.25,215.3915209,810483,13624,174571166,437098,53.93,4,2.2
02-Jun-23,216.1,216.9,215.1,215.6,215.8617698,371395,4604,80169982,199653,53.76,1.8,-0.5
05-Jun-23,216.35,219.4,216.25,218.95,217.8018226,547358,7367,119215570,224138,40.95,3.15,2.6
06-Jun-23,219.4,219.8,215.55,216.7,216.940829,440824,6268,95632724,194872,44.21,4.25,-2.7
07-Jun-23,216.8,219.65,214.25,218.4,217.1967208,612950,7070,133130730,243561,39.74,5.4,1.6
08-Jun-23,218.85,226.15,218.4,220.6,222.9401575,1225065,14386,273116184,357234,29.16,7.75,1.75
09-Jun-23,224.95,224.95,220.25,221.15,221.940536,555193,6876,123219832,230590,41.53,4.7,-3.8
12-Jun-23,222,223.55,220.45,220.95,221.8671508,417481,6837,92625320,202853,48.59,3.1,-1.05
13-Jun-23,221.1,222.75,220.9,221.65,221.8665213,254520,4559,56469467,100179,39.36,1.85,0.55
14-Jun-23,222.5,225.35,221.6,224.05,224.3090899,886370,9031,198820848,498228,56.21,3.75,1.55
15-Jun-23,223.75,224.55,220.25,220.65,222.8408743,696795,6144,155274407,496065,71.19,4.3,-3.1
16-Jun-23,221.7,223.6,220.7,222.15,222.5244983,978005,15655,217630072,673750,68.89,2.9,0.45
19-Jun-23,222.2,224.2,220.95,223.15,222.7915141,395528,8647,88120282,199377,50.41,3.25,0.95
20-Jun-23,223.95,226.25,222.5,224.9,224.906182,521062,9095,117190065,238492,45.77,3.75,0.95
21-Jun-23,224.9,225.95,222.55,224.3,224.714152,442193,6274,99367025,168416,38.09,3.4,-0.6
22-Jun-23,224.95,225.15,220.5,221.25,222.1141574,463325,7860,102911042,288722,62.32,4.65,-3.7
23-Jun-23,221.65,222.2,215.65,218.2,218.2114792,1259079,25414,274745491,582708,46.28,6.55,-3.45
26-Jun-23,218,219.35,216.35,218.6,218.2086449,247962,7608,54107452,102178,41.21,3,0.6
27-Jun-23,218.6,220.45,218.6,219.2,219.4781598,247869,4463,54401832,93923,37.89,1.85,0.6
28-Jun-23,219.4,220.95,217.65,218.1,219.1094085,481471,8524,105494826,300337,62.38,3.3,-1.3
30-Jun-23,219.05,222.45,218.9,221.8,221.1621931,1185433,18300,262172962,700313,59.08,3.55,2.75
03-Jul-23,222.5,224.15,221.55,221.75,222.5585013,336608,7815,74914972,162477,48.27,2.6,-0.75
04-Jul-23,221.5,223.1,220.25,220.6,221.3027018,277633,6220,61440933,123414,44.45,2.85,-0.9
05-Jul-23,220.05,223.8,220.05,221.65,222.1468897,331902,5260,73730997,134926,40.65,3.75,1.6
06-Jul-23,225,230.25,223.65,229.55,227.5984661,1534356,16860,349217072,548464,35.75,6.6,4.55
07-Jul-23,229.6,232.35,226.05,227.85,229.2368844,951046,13371,218014822,255136,26.83,6.3,-1.75
10-Jul-23,228.7,228.95,224.75,225.1,226.3509761,403697,8384,91377210,198195,49.09,4.2,-3.6
11-Jul-23,225.75,226.95,224.75,225.4,225.7412411,774729,17201,174888286,489114,63.13,2.2,-0.35
12-Jul-23,226,227.25,225.25,226.2,226.1249205,389744,7044,88130831,179854,46.15,2,0.2
13-Jul-23,226.7,227.25,221,221.85,224.1965979,425330,7988,95357539,201783,47.44,6.25,-4.85
14-Jul-23,222.3,222.8,218.7,221.1,220.3260296,524115,10085,115476177,261932,49.98,4.1,-1.2
17-Jul-23,221.5,224.7,221.35,223.45,223.160477,993619,18581,221736490,580408,58.41,3.35,1.95
18-Jul-23,223.85,224.3,220.75,221.5,222.2787342,280145,6761,62270276,132548,47.31,3.55,-2.35
19-Jul-23,221.5,221.5,217.55,219.5,218.9185105,636229,9717,139282305,258725,40.67,3.95,-2
20-Jul-23,219.3,220.6,217.7,218.15,218.691137,806406,18097,176353845,411611,51.04,2.9,-1.15
21-Jul-23,218.15,219.15,216.95,217.45,218.1180595,799309,17698,174343728,390991,48.92,2.2,-0.7
24-Jul-23,217.7,218.75,217,217.35,217.8524079,745995,16942,162516807,425183,57,1.75,-0.35
25-Jul-23,217.15,220.4,217.15,219.45,219.5497225,869828,15285,190970496,517170,59.46,3.25,2.3
26-Jul-23,219.7,222.45,219.7,221.5,221.5033399,629507,7616,139437903,393240,62.47,2.75,1.8
27-Jul-23,221.85,222.5,220.45,220.8,221.4657125,1175223,16433,260271599,618603,52.64,2.05,-1.05
28-Jul-23,220.8,237.25,220,234.55,231.9857242,2193429,23162,508844215,844740,38.51,17.25,13.75
31-Jul-23,235.5,238.95,235,236.7,236.9909897,1005185,13802,238219788,357130,35.53,3.95,1.2
01-Aug-23,237.05,245.4,236.15,244.4,242.4070936,3046415,51365,738472606,1970364,64.68,9.25,7.35
02-Aug-23,244.9,244.9,233,235.3,237.1654633,1480014,17282,351008206,480203,32.45,11.9,-9.6
03-Aug-23,234.75,237.55,232.65,235.3,235.1846081,671433,9644,157910707,197714,29.45,4.9,0.55
04-Aug-23,236.15,237.35,234.45,235.65,235.9512079,444765,6764,104942839,145824,32.79,2.9,-0.5
07-Aug-23,237.85,237.85,232.3,232.65,233.6609305,531773,7024,124254574,310685,58.42,5.55,-5.2
08-Aug-23,234.7,236.5,230.55,233.85,233.6904131,533905,7935,124768480,210431,39.41,5.95,-0.85
09-Aug-23,237.4,237.4,232,234.9,234.0238572,529819,6635,123990286,170013,32.09,5.4,-2.5
10-Aug-23,236,241.65,234.5,237.15,238.591423,2763521,34139,659352408,1059759,38.35,7.15,1.15
11-Aug-23,237.6,238.35,235.3,236.15,236.5545218,1032504,16224,244243490,557790,54.02,3.05,-1.45
14-Aug-23,235.6,236,229.15,231.2,231.1056253,576453,8274,133221531,205402,35.63,6.85,-4.4
16-Aug-23,230,235.5,228.1,234.9,231.5589378,942688,17802,218287832,528226,56.03,7.4,4.9
17-Aug-23,234.55,235.9,231.9,232.5,233.5068512,309217,4803,72204288,110628,35.78,4,-2.05
18-Aug-23,232.15,233.5,229.75,230,231.2691218,806750,14331,186576364,505886,62.71,3.75,-2.15
21-Aug-23,230.05,240.3,230.05,239.35,235.8452253,627971,9313,148103962,240773,38.34,10.25,9.3
22-Aug-23,241.4,244,239.6,243.45,241.7529663,2523789,31340,610133477,1472315,58.34,4.4,2.05
23-Aug-23,244.4,248.5,243.55,245.4,245.9640532,1203221,11668,295949114,345045,28.68,4.95,1
24-Aug-23,246.05,252.75,246.05,249.55,250.4943814,1509092,14527,378019067,390222,25.86,6.7,3.5
25-Aug-23,249.6,251.65,243.65,245.3,248.1398498,743841,9055,184576594,242274,32.57,8,-4.3
28-Aug-23,245.35,246.85,243.8,245,245.2192434,428884,5761,105170610,146152,34.08,3.05,-0.35
29-Aug-23,245,248.4,245,246.8,247.2838526,875384,15535,216468328,469825,53.67,3.4,1.8
30-Aug-23,248,250.55,247,247.4,248.9706229,356842,5436,88843175,137815,38.62,3.55,-0.6
31-Aug-23,248.9,249.6,244.3,245.05,247.5770901,1092410,16660,270455689,540594,49.49,5.3,-3.85
01-Sep-23,246.95,255.9,246,255.2,253.0131083,1746831,14872,441971141,456334,26.12,9.9,8.25
04-Sep-23,256.55,262.3,255.25,259.15,258.1403049,1307053,12584,337403060,322732,24.69,7.05,2.6
05-Sep-23,260.2,262.5,255.7,258.4,259.2202415,1561545,24262,404784072,678229,43.43,6.8,-1.8
06-Sep-23,260.35,261,254.7,257.55,257.2730413,492116,7009,126608180,178973,36.37,6.3,-2.8
07-Sep-23,257.7,266.3,256.35,263.6,262.0871669,2058292,28703,539451919,1166497,56.67,9.95,5.9
08-Sep-23,265,276.5,263.85,268.9,270.9617904,6026602,27625,1632978868,3628520,60.21,12.65,3.9
11-Sep-23,273.2,274,269.15,271.8,271.4723749,2139921,30326,580929436,906048,42.34,4.85,-1.4
12-Sep-23,274.25,275.5,260.1,262.75,266.2126363,1431336,16147,381039730,434129,30.33,15.4,-11.5
13-Sep-23,263.2,267.5,261,264.8,264.2816095,1380955,22907,364961010,612505,44.35,6.5,1.6
14-Sep-23,266.65,267.95,263.6,265.05,265.5932935,418427,6021,111131405,159141,38.03,4.35,-1.6
15-Sep-23,267,268,263.2,263.8,265.4264329,459268,6245,121901867,168565,36.7,4.8,-3.2
18-Sep-23,265.8,266.7,262.4,265.45,264.7677,356724,6221,94448993,133116,37.32,4.3,-0.35
20-Sep-23,265.05,267,261,262.05,263.5448922,357590,6295,94241018,136742,38.24,6,-3
21-Sep-23,261.7,261.7,256,256.55,258.4071475,1133567,24274,292921815,643556,56.77,5.7,-5.15
22-Sep-23,256.6,259,254.35,257.05,257.1951916,374806,5856,96398301,132607,35.38,4.65,0.45
25-Sep-23,257.65,258.45,255.05,256.95,256.7944948,251254,5958,64520644,90769,36.13,3.4,-0.7
26-Sep-23,257,263.7,257,259.85,261.0531427,967866,15796,252664461,354174,36.59,6.7,2.85
27-Sep-23,259.55,260.55,256.55,259.65,258.7052106,612746,12021,158520583,285500,46.59,4,0.1
28-Sep-23,262.4,264.15,257.4,258.15,261.0136375,426618,6633,111353116,165896,38.89,6.75,-4.25
29-Sep-23,258.65,264.65,258.65,262.2,262.9097257,1083863,19655,284958124,594721,54.87,6,3.55
03-Oct-23,262.8,266.5,260.8,263.95,263.0031051,399346,7060,105029238,150844,37.77,5.7,1.15
04-Oct-23,263.25,263.25,253.6,256.65,257.7778546,625910,8609,161345737,221415,35.37,9.65,-6.6
05-Oct-23,258.7,260.25,256.15,257.75,258.1422276,610423,12439,157575953,226361,37.08,4.1,-0.95
06-Oct-23,259.75,260.15,258.1,258.75,258.9321816,244742,4244,63371580,85400,34.89,2.05,-1
09-Oct-23,250.8,255.25,249,249.95,251.6252387,1804039,35743,453941744,1087500,60.28,6.25,-0.85
10-Oct-23,250.2,255.05,250.2,254.05,253.3732353,290637,4877,73639637,128254,44.13,4.85,3.85
11-Oct-23,255,256.45,253.05,253.8,254.7164259,627864,13082,159927274,302346,48.15,3.4,-1.2
12-Oct-23,255.4,257.35,254.8,255.2,255.5966568,307366,3738,78561722,180152,58.61,2.55,-0.2
13-Oct-23,254.25,255.85,253.05,254.05,254.3773162,572154,12084,145542999,326377,57.04,2.8,-0.2
16-Oct-23,254.8,256.75,253.6,254.85,255.0553871,276689,5002,70571020,106582,38.52,3.15,0.05
17-Oct-23,257,259.35,256.1,256.85,257.4038144,1105701,19051,284611655,758888,68.63,3.25,-0.15
18-Oct-23,257.2,257.75,251.5,253.2,254.1361361,458769,6165,116589781,137671,30.01,6.25,-4
19-Oct-23,252.95,252.95,249.4,251.9,251.5348368,658111,14748,165537843,320410,48.69,3.55,-1.05
20-Oct-23,251.8,252.45,246.6,247.25,248.7305082,310989,5909,77352452,146473,47.1,5.85,-4.55
23-Oct-23,248.05,248.7,236.5,238.3,242.5586409,450479,8593,109267574,169111,37.54,12.2,-9.75
25-Oct-23,239.1,241.75,233.05,236.6,237.4248948,1289258,30128,306101945,575988,44.68,8.7,-2.5
26-Oct-23,234.7,235.4,230.75,234.4,233.0042384,500422,8439,116600447,159834,31.94,4.65,-0.3
27-Oct-23,236.65,239,235.5,238.1,237.0427815,753948,18022,178717931,389435,51.65,3.5,1.45
30-Oct-23,239.45,239.9,234.95,238.95,237.6875841,257042,5073,61095692,105429,41.02,4.95,-0.5
31-Oct-23,240.95,241.75,238.3,239.3,239.7533253,255916,4856,61356712,99619,38.93,3.45,-1.65
01-Nov-23,239.65,240.3,236.4,236.9,238.467171,192848,4115,45987917,74692,38.73,3.9,-2.75
02-Nov-23,237.65,245.1,237.65,244.8,241.8601234,416467,6808,100726760,105077,25.23,7.45,7.15
03-Nov-23,246.45,246.45,244,244.5,244.9369726,595852,11151,145946185,286990,48.16,2.45,-1.95
06-Nov-23,247.85,251.2,245.65,249.5,249.0366037,429711,6452,107013768,173929,40.48,5.55,1.65
07-Nov-23,250.25,252.1,248.85,249.75,249.9314889,736085,8789,183970820,414100,56.26,3.25,-0.5
08-Nov-23,252.8,256.3,251.45,254.9,254.1154671,612469,13095,155637846,319478,52.16,4.85,2.1
09-Nov-23,254.65,254.65,247.35,247.95,249.510882,741778,8646,185081683,263327,35.5,7.3,-6.7
10-Nov-23,248.4,251.85,246.95,251.4,250.2253535,299099,5459,74842153,120507,40.29,4.9,3
12-Nov-23,253.95,253.95,252.8,253.15,253.2507423,411550,18206,104225343,300024,72.9,1.15,-0.8
13-Nov-23,253.05,258.4,251.4,257.05,255.4090699,424612,6311,108449756,150474,35.44,7,4
15-Nov-23,258.85,262.25,258.25,259.15,259.8283777,1173781,19225,304981613,717446,61.12,4,0.3
16-Nov-23,259.15,265.5,259.15,262.4,263.1500188,567089,7704,149229481,217388,38.33,6.35,3.25
17-Nov-23,264.75,264.8,261.4,262.55,263.1110432,328971,4919,86555903,118528,36.03,3.4,-2.2
20-Nov-23,264.25,264.5,260.15,260.75,261.7221173,294322,5166,77030577,122427,41.6,4.35,-3.5
21-Nov-23,263.95,265.4,260.85,262.55,262.8987557,330310,6303,86838088,130035,39.37,4.55,-1.4
22-Nov-23,263.9,263.9,259.3,262,261.7300757,253371,5597,66314811,109778,43.33,4.6,-1.9
23-Nov-23,262,263.75,259.9,260.7,260.9126472,498496,5166,130063911,316398,63.47,3.85,-1.3
24-Nov-23,261.65,261.65,256.95,258.15,257.9685283,665773,5273,171748481,465072,69.85,4.7,-3.5
28-Nov-23,258.45,271.25,258.45,270.75,266.0978158,3614445,35571,961795920,2543711,70.38,12.8,12.3
29-Nov-23,274.4,275.7,271.5,273.3,273.1819351,1250369,13420,341578223,509118,40.72,4.2,-1.1
30-Nov-23,273.3,273.3,265.1,267.95,267.4437601,1197068,14196,320148367,455529,38.05,8.2,-5.35
01-Dec-23,270.3,278.5,268.5,275.75,275.2782508,3845247,41426,1058512868,2282939,59.37,10,5.45
04-Dec-23,286,286,278.9,281.5,281.5999537,1721021,17655,484639434,669699,38.91,7.1,-4.5
05-Dec-23,283.85,283.85,276.5,281.5,280.3876187,1239437,14689,347522789,528891,42.67,7.35,-2.35
06-Dec-23,281.8,298.6,280.15,294.1,291.0589576,4718680,54919,1373414082,2402506,50.91,18.45,12.3
07-Dec-23,295.9,332,292.25,325.75,318.4973524,8243926,68059,2625668604,1102699,13.38,39.75,29.85
08-Dec-23,333,335.8,317.95,323.45,326.3815262,4411611,44699,1439868331,983103,22.28,17.85,-9.55
11-Dec-23,325.8,335.25,322.35,333.5,330.2790368,1926298,25846,636215848,524738,27.24,12.9,7.7
12-Dec-23,336.95,336.95,327.55,330.8,331.8278534,1203759,16996,399440765,337252,28.02,9.4,-6.15
13-Dec-23,332.45,340.45,329.65,338.05,336.8321746,3958798,45997,1333450539,1540771,38.92,10.8,5.6
14-Dec-23,341,341.3,335,335.3,336.9591347,1147403,15401,386627922,521046,45.41,6.3,-5.7
15-Dec-23,337.95,338.35,331.85,333.2,334.4168741,1020632,13960,341316563,398778,39.07,6.5,-4.75
18-Dec-23,339.2,340.2,334.45,337,337.4664941,2447088,33716,825810208,1300786,53.16,5.75,-2.2
19-Dec-23,338.85,338.85,330.55,336,334.8237719,624526,9623,209106151,199515,31.95,8.3,-2.85
20-Dec-23,336.8,346.9,318.1,320.2,332.3193019,5693459,84087,1892046320,2201773,38.67,28.8,-16.6
21-Dec-23,317.8,330.65,312.6,328.5,325.5542149,4454817,50110,1450284451,991813,22.26,18.05,10.7
22-Dec-23,331.15,332,323.6,326.6,328.4331734,706059,11182,231893198,238748,33.81,8.4,-4.55
26-Dec-23,328.9,331.35,324.8,325.15,326.7872578,1476806,15438,482601383,1003854,67.97,6.55,-3.75
27-Dec-23,327.35,330,321.75,324.95,325.5860841,646687,10063,210552288,224387,34.7,8.25,-2.4
28-Dec-23,326.05,331,323.95,329.6,326.9464573,1815094,38682,593438553,1184389,65.25,7.05,3.55
29-Dec-23,330.4,335.85,326.1,332.05,331.6957308,1445263,15227,479387567,564514,39.06,9.75,1.65
01-Jan-24,334.65,335.8,328.3,329.95,332.5860966,666124,10577,221543581,320491,48.11,7.5,-4.7
02-Jan-24,331.95,332.45,319.8,329.65,328.1802109,946985,13116,310781737,336258,35.51,12.65,-2.3
03-Jan-24,329.65,329.65,324.9,326.4,327.1657393,723413,8870,236675949,361347,49.95,4.75,-3.25
04-Jan-24,327,340.7,327,337.7,335.1243597,1417597,17782,475071287,681053,48.04,13.7,10.7
05-Jan-24,339.75,349.65,336.35,340.7,344.4400486,1786046,17939,615185771,417615,23.38,13.3,0.95
08-Jan-24,345.15,345.15,337.5,338.8,339.9425308,1024619,14029,348311576,466204,45.5,7.65,-6.35
09-Jan-24,342,344.85,338.2,340.1,341.1574172,710062,9248,242242918,219683,30.94,6.65,-1.9
10-Jan-24,342.55,348.7,340.85,346.5,344.8375885,865776,12689,298552108,225695,26.07,7.85,3.95
11-Jan-24,349.8,359.9,347.65,357.25,354.551138,3205564,41996,1136536364,1329741,41.48,12.25,7.45
12-Jan-24,361.95,361.95,356.6,357.65,359.0865135,1253885,16128,450253193,552636,44.07,5.35,-4.3
15-Jan-24,360.1,360.1,353.35,358.7,356.7652726,907887,14506,323902553,372557,41.04,6.75,-1.4
16-Jan-24,359.35,360.65,349.1,353.6,355.5984478,604168,10567,214841203,274324,45.41,11.55,-5.75
17-Jan-24,353,355.15,346.6,348.8,351.2024516,1512144,30843,531068680,724361,47.9,8.55,-4.2
18-Jan-24,348.2,350,335.3,345.5,342.736344,1787644,39032,612690569,706864,39.54,14.7,-2.7
19-Jan-24,348.35,351.35,345.25,348.65,348.2940878,897732,11487,312674748,465627,51.87,6.1,0.3
20-Jan-24,350.6,351.8,345,345.9,348.1706958,686420,17880,238991329,368500,53.68,6.8,-4.7
23-Jan-24,366.4,366.4,341.3,346.3,352.696249,2785532,45193,982446688,967967,34.75,25.1,-20.1
24-Jan-24,348.9,357.8,343.75,356.95,354.1339347,2088891,35169,739747189,1052193,50.37,14.05,8.05
25-Jan-24,359.45,366.55,357.7,365.05,362.5205411,2200877,37595,797863121,1272406,57.81,8.85,5.6
29-Jan-24,370.45,387.15,366.8,381.9,378.9690565,2159065,27187,818218826,943160,43.68,20.35,11.45
30-Jan-24,386.8,392.7,382,383.25,385.4825075,2480401,39611,956151197,916800,36.96,10.7,-3.55
31-Jan-24,385.55,391.25,384,389.65,388.109404,1828671,32980,709724412,839293,45.9,7.25,4.1
01-Feb-24,393.85,396.7,385.7,388.85,392.0265079,1431538,21400,561200843,412628,28.82,11,-5
02-Feb-24,392.35,394.8,387.85,389.75,391.7166254,734286,11639,287632034,290272,39.53,6.95,-2.6
05-Feb-24,395.95,402.5,390.3,393.9,397.013641,1347186,20575,534851219,466801,34.65,12.2,-2.05
06-Feb-24,397,397,387,392.95,392.2774424,537672,11114,210916597,236635,44.01,10,-4.05
07-Feb-24,396.65,401.7,392,395.1,396.3876772,1436053,26687,569233713,541381,37.7,9.7,-1.55
08-Feb-24,396.9,411,393.2,407.55,401.8740897,1024197,14578,411598237,329482,32.17,17.8,10.65
09-Feb-24,412.75,412.75,384.05,392.1,393.3812843,4092964,86743,1610095435,1647260,40.25,28.7,-20.65
12-Feb-24,380.9,386.2,359.1,361.75,371.3359991,5445258,127019,2022020320,2316142,42.54,27.1,-19.15
13-Feb-24,360.05,366.55,354.65,365,361.5551569,2949370,54179,1066359933,1044062,35.4,11.9,4.95
14-Feb-24,365.3,374.65,357.85,373.5,368.0683617,819786,12421,301737290,245297,29.92,16.8,8.2
15-Feb-24,376.75,382.25,374.85,378.8,378.3812132,775983,13413,293617389,257805,33.22,7.4,2.05
16-Feb-24,383.55,383.55,375.15,376.15,378.7944949,417070,8683,157983820,184167,44.16,8.4,-7.4
19-Feb-24,385,385.75,379.15,380.5,382.5276616,635123,12481,242952116,236194,37.19,6.6,-4.5
20-Feb-24,381.35,382.55,376.15,378.95,379.5045272,845782,21771,320978098,357359,42.25,6.4,-2.4
21-Feb-24,381.15,383.9,373.5,375.4,379.952668,1106630,24502,420467021,473139,42.75,10.4,-5.75
22-Feb-24,377.95,379.85,369.4,378,375.0025412,426957,8196,160109960,155977,36.53,10.45,0.05
23-Feb-24,378.85,381.65,377.5,378.3,379.569591,939181,19884,356484548,518904,55.25,4.15,-0.55
26-Feb-24,379,381.45,377.75,378.3,379.9414969,384031,8348,145909313,162008,42.19,3.7,-0.7
27-Feb-24,379.45,379.75,374.1,375.55,376.6133133,345670,6886,130183924,149184,43.16,5.65,-3.9
28-Feb-24,375.5,378.2,364.6,366.05,370.3019411,1213919,34831,449516562,514003,42.34,13.6,-9.45
29-Feb-24,366.6,374,363.05,371.7,368.0970361,945061,23246,347874153,401843,42.52,10.95,5.1
01-Mar-24,377.65,379.9,374.6,377.4,376.9366932,453095,7799,170788131,171133,37.77,5.3,-0.25
02-Mar-24,378.35,383.25,377.15,379.05,379.4025543,75401,2616,28607332,51895,68.83,6.1,0.7
04-Mar-24,381.4,394,381,391.7,389.2421197,1066646,16538,415183550,353730,33.16,13,10.3
05-Mar-24,393,400,390.2,396.05,396.0134925,979582,14977,387927689,290158,29.62,9.8,3.05
06-Mar-24,396.45,397.55,384.75,394.8,392.0253125,638024,10809,250121558,184832,28.97,12.8,-1.65
07-Mar-24,396.4,433.2,396,424.95,419.861364,4039911,50179,1696202543,1103563,27.32,37.2,28.55
11-Mar-24,415,421.35,405,413.05,414.0520559,2109465,32133,873428320,507804,24.07,16.35,-1.95
12-Mar-24,415,415,395,396,403.472764,1141595,19550,460602490,392361,34.37,20,-19
13-Mar-24,398.5,399.75,367.85,371.75,381.2739493,1648827,26590,628654782,556987,33.78,31.9,-26.75
14-Mar-24,371.75,386.25,365.6,384.45,379.508738,1219508,17265,462813942,363582,29.81,20.65,12.7
15-Mar-24,384.45,387.9,372.1,380.65,378.0998096,1656774,33536,626425934,480857,29.02,15.8,-3.8
18-Mar-24,382.4,394.5,378.65,392.85,390.3585912,986728,13528,385177752,187290,18.98,15.85,10.45
19-Mar-24,392.85,392.85,381.1,383.1,385.7931898,1330718,24645,513381942,393228,29.55,11.75,-9.75
20-Mar-24,385.45,388.25,371.25,379.85,379.0195791,676998,10799,256595497,134830,19.92,17,-5.6
21-Mar-24,385.4,394.25,384.4,392.1,390.5583054,653884,8221,255379827,181686,27.79,9.85,6.7
22-Mar-24,389.9,395.5,386.65,390.7,391.84819,530031,7771,207691688,154584,29.16,8.85,0.8
26-Mar-24,390.7,394,387.75,390.1,391.6229897,888981,16653,348145397,390549,43.93,6.25,-0.6
27-Mar-24,391.95,393.95,387.65,388.35,391.0727327,880003,15650,344145178,399379,45.38,6.3,-3.6
28-Mar-24,391.85,399,390.85,394.15,395.8048949,797032,8836,315469167,226751,28.45,8.15,2.3
01-Apr-24,399.65,408.9,398,406.9,404.6957698,813006,10744,329020089,222960,27.42,10.9,7.25
02-Apr-24,407.35,412.25,406.85,408.9,409.8205997,598533,8524,245291153,305012,50.96,5.4,1.55
03-Apr-24,409.55,415.3,407.25,412.15,412.2848835,1276399,20812,526240013,572769,44.87,8.05,2.6
04-Apr-24,416,419.9,411,414.15,416.0781965,714188,10147,297158055,194544,27.24,8.9,-1.85
05-Apr-24,414.15,415.35,408.1,414.5,412.3780188,1024314,21932,422404578,539734,52.69,7.25,0.35
08-Apr-24,417.8,418.85,414.95,416.3,416.7254685,433473,6895,180639239,149404,34.47,3.9,-1.5
09-Apr-24,417.75,436.25,416.6,429.75,424.9308023,2624913,23079,1115406387,1054617,40.18,19.65,12
10-Apr-24,432,439.4,430.85,431.85,433.8075037,1471514,16668,638353815,570312,38.76,8.55,-0.15
12-Apr-24,431.85,444.1,429.2,437.05,439.2359066,1786915,16988,784877230,583500,32.65,14.9,5.2
15-Apr-24,400.15,441.4,400.15,431.5,428.7747081,5077759,74630,2177214633,2599444,51.19,41.25,31.35
16-Apr-24,430.2,435.8,426.45,430.35,430.8398333,1059546,12490,456494622,351556,33.18,9.35,0.15
18-Apr-24,434.95,442.95,427.05,429.9,437.0638334,1452076,15579,634649903,544356,37.49,15.9,-5.05
19-Apr-24,425.75,431.7,419.05,428,426.2704188,2260727,29161,963681045,739663,32.72,12.65,2.25
22-Apr-24,433.9,435.1,426.9,427.9,429.1487773,859264,10421,368752095,389261,45.3,8.2,-6
23-Apr-24,431.7,432.25,427.9,429.4,430.0150045,626880,8877,269567806,314191,50.12,4.35,-2.3
24-Apr-24,431.55,432.7,427.05,428.35,430.0938016,331700,5683,142662114,141718,42.72,5.65,-3.2
25-Apr-24,428.7,432.9,427,431.5,429.6448155,952398,17411,409192863,420822,44.19,5.9,2.8
26-Apr-24,431.55,440.4,431.55,436.75,437.1789633,1609246,27037,703528498,847640,52.67,8.85,5.2
29-Apr-24,440,451.5,437.3,448.1,445.1646676,1246693,13727,554983675,356515,28.6,14.2,8.1
30-Apr-24,451.95,455.2,448.35,449.1,452.0835079,1994794,32250,901813469,947685,47.51,6.85,-2.85
02-May-24,450.4,459.95,449.3,457.7,456.0966066,1059959,14392,483443703,383308,36.16,10.65,7.3
03-May-24,462.65,464.3,448.65,454.6,458.1696281,927323,15953,424871234,285543,30.79,15.65,-8.05
06-May-24,459.55,459.55,442.5,446.15,449.6112511,884059,14584,397482873,280620,31.74,17.05,-13.4
07-May-24,449,449,432.35,436.3,438.3917325,793036,17206,347660426,238250,30.04,16.65,-12.7
08-May-24,435.15,441.25,430.05,435.45,437.4733247,1035771,15487,453122183,400213,38.64,11.2,0.3
09-May-24,428,431,412.1,413.65,421.0923768,4060424,84942,1709813593,1706955,42.04,18.9,-14.35
10-May-24,415,418.25,404.05,414.75,412.3261137,2575651,50202,1062008167,1140371,44.28,14.2,-0.25
13-May-24,412.55,415,396.5,411.8,405.9310044,1161566,21357,471515653,329951,28.41,18.5,-0.75
14-May-24,413,431.95,412.5,430.3,423.2343116,1846575,33133,781533899,841405,45.57,19.45,17.3
15-May-24,434.35,439.95,430.35,431.45,433.7871797,972506,12066,421860635,321515,33.06,9.6,-2.9
16-May-24,434.6,436.15,426.75,433.9,431.5396801,1120977,19913,483746056,438816,39.15,9.4,-0.7
17-May-24,434.3,438.2,432.6,436.3,435.5279628,377305,6162,164326878,172908,45.83,5.6,2
18-May-24,437.4,443.4,436.4,441.25,440.4694608,343215,9222,151175726,251284,73.21,7,3.85
21-May-24,443,446.35,440.2,441.7,443.3622434,582923,9271,258446049,305432,52.4,6.15,-1.3
22-May-24,442,449.75,436.45,447.6,445.8180278,1478863,27004,659303786,891895,60.31,13.3,5.6
23-May-24,450.5,452.25,445.6,449,448.8384998,511504,8003,229582688,198910,38.89,6.65,-1.5
24-May-24,449.5,452.9,446.15,447.35,448.9572839,608904,8195,273371886,270674,44.45,6.75,-2.15
27-May-24,449,452.45,444.75,445.7,448.4178971,1142980,24332,512532688,641616,56.14,7.7,-3.3
28-May-24,447.85,449.55,434.15,436.9,438.7170136,739933,13251,324621196,435625,58.87,15.4,-10.95
29-May-24,435,439.5,432.1,432.8,434.6752169,1178833,23018,512409490,692821,58.77,7.4,-2.2
30-May-24,433.4,433.4,422.8,425.15,428.8932443,731193,12018,313603738,417040,57.04,10.6,-8.25
31-May-24,425.95,438.25,425.65,436.8,432.5048093,938077,11668,405722814,442433,47.16,12.6,10.85
03-Jun-24,456.55,459.95,447.35,456.5,454.9306462,4031892,64297,1834231233,2629399,65.22,12.6,-0.05
04-Jun-24,460,460,377.2,399.6,411.9363491,3864724,79905,1592020295,1755281,45.42,82.8,-60.4
05-Jun-24,417.5,424.4,390,422.65,409.3703745,3550012,61690,1453269742,1070269,30.15,34.4,5.15
06-Jun-24,430.65,438.5,426.05,431.5,432.6741361,837549,14162,362385790,309653,36.97,12.45,0.85
07-Jun-24,430.4,445.6,427.1,443.45,435.8512534,990537,12305,431726793,535688,54.08,18.5,13.05
10-Jun-24,449.5,458.45,445.15,447.9,451.9380531,1139622,15650,515038548,470115,41.25,13.3,-1.6
11-Jun-24,448.8,453.65,447,448.45,449.7206064,1027214,12072,461959303,623237,60.67,6.65,-0.35
12-Jun-24,451.4,453.7,448.5,449.55,450.6916398,1427389,20131,643312289,870981,61.02,5.2,-1.85
13-Jun-24,456.55,457.95,449.55,452.2,453.0437836,835268,9924,378412975,495434,59.31,8.4,-4.35
14-Jun-24,452.2,453.45,447.55,448.6,449.8900707,1385772,24420,623445063,948280,68.43,5.9,-3.6
18-Jun-24,450.45,453.65,448.2,451.55,451.1526035,350988,7465,158349150,165427,47.13,5.45,1.1
19-Jun-24,451.55,452.55,441.5,442.3,444.7835934,700561,12146,311598039,420917,60.08,11.05,-9.25
20-Jun-24,443,446.5,436.6,443.55,443.5930098,814936,14646,361499913,581375,71.34,9.9,0.55
21-Jun-24,444,445.05,437.7,438.7,440.94305,300158,6800,132352584,142060,47.33,7.35,-5.3
24-Jun-24,435.35,439.5,432.15,435.7,436.5629486,901235,20492,393445809,483438,53.64,7.35,0.35
25-Jun-24,435.7,437.9,429.9,430.7,433.0062178,831480,22653,360036010,363301,43.69,8,-5
26-Jun-24,430.65,435.75,429,431.7,432.5243654,1166553,16084,504562596,916315,78.55,6.75,1.05
27-Jun-24,432,443,426.5,437.75,432.0475221,940994,16007,406554126,619253,65.81,16.5,5.75
28-Jun-24,440.55,444.6,438.3,440.5,440.8154138,486434,7851,214427605,229041,47.09,6.3,-0.05
01-Jul-24,440.6,441.65,434.45,435.15,436.4662877,1016171,15764,443524384,740592,72.88,7.2,-5.45
02-Jul-24,436,436.95,428.15,432.65,431.9328432,634366,11003,274003510,372575,58.73,8.8,-3.35
03-Jul-24,433,435.45,430.85,433.8,432.2226987,1254399,14699,542179721,961702,76.67,4.6,0.8
04-Jul-24,434.15,442.25,433.2,436.5,437.0270352,727274,8211,317838400,287004,39.46,9.05,2.35
05-Jul-24,436.5,440.2,433.95,439.8,438.0869139,1475806,28212,646531296,1047576,70.98,6.25,3.3
08-Jul-24,440.5,443.9,432,433.5,437.2218727,553520,10480,242011051,270673,48.9,11.9,-7
09-Jul-24,437.2,441.75,434.55,438.8,438.4794901,917775,22465,402425514,554258,60.39,7.2,1.6
10-Jul-24,439.5,442.2,426.9,437.25,435.552271,419611,8763,182762524,160046,38.14,15.3,-2.25
11-Jul-24,438.55,444.5,436.3,440.35,440.9809653,389762,7152,171877623,172350,44.22,8.2,1.8
12-Jul-24,441.35,442.1,432.45,434.05,437.3885592,331584,6784,145031048,172130,51.91,9.65,-7.3
15-Jul-24,435.9,442.4,431,439.2,436.5236593,990560,23381,432402876,530009,53.51,11.4,3.3
16-Jul-24,441,445.25,436.15,436.9,441.4219379,428217,7854,189024378,139970,32.69,9.1,-4.1
18-Jul-24,441,441,429.05,430,432.0852346,1230087,31714,531502430,558793,45.43,11.95,-11
19-Jul-24,430,430,412.8,414.15,419.4106782,2027366,62231,850298949,1017940,50.21,17.2,-15.85
22-Jul-24,414.35,425.2,409.7,424.25,419.1520042,543281,12489,227717320,204733,37.68,15.5,9.9
23-Jul-24,429.55,429.55,400,416.35,415.8656461,2246834,56230,934381073,847619,37.72,29.55,-13.2
24-Jul-24,416.9,424.95,415.55,419.75,419.3504694,799074,10436,335092057,418082,52.32,9.4,2.85
25-Jul-24,415.4,425.55,413,422.4,420.9243834,559216,10412,235387650,260221,46.53,12.55,7
26-Jul-24,431.25,446.2,430,444.65,440.4500202,1761492,24937,775849187,624450,35.45,16.2,13.4
